2,3,4,5,6,7,8,9,10,11,12,14,15,16,19,24,26,38,
Abelmoschus,0,0,0,0,0,0,0,0,0,0,0,0,0,0,0,0,0,0
Abutilon,0,0,0,0,1,0,0,0,0,0,0,0,0,0,0,0,0,0
Acacia,43,0,7,0,1,0,1,0,0,0,0,0,0,0,0,0,0,0
Acaena,0,0,0,0,0,0,0,0,0,0,0,0,0,0,0,0,0,0
Acanthephippium,0,0,0,0,0,0,0,0,0,0,0,0,0,0,0,0,0,0
Acantholepis,1,0,0,0,0,0,0,0,0,0,0,0,0,0,0,0,0,0
Acanthus,0,0,0,0,0,0,0,0,0,0,0,0,0,0,0,0,0,0
Acca,1,0,0,0,0,0,0,0,0,0,0,0,0,0,0,0,0,0
Accara,1,0,0,0,0,0,0,0,0,0,0,0,0,0,0,0,0,0
Acer,7,0,3,0,0,0,0,0,0,0,0,0,0,0,0,0,0,0
Achillea,28,0,4,0,5,0,1,0,0,0,0,0,0,0,0,0,0,0
Achnatherum,0,0,0,0,1,0,0,0,0,0,0,0,0,0,0,0,0,0
Achyrocline,4,0,0,0,0,0,0,0,0,0,0,0,0,0,0,0,0,0
Aconitum,1,0,0,0,0,0,0,0,0,0,0,0,0,0,0,0,0,0
Acorus,0,0,0,0,0,0,0,0,0,0,0,0,0,0,0,0,0,0
Acridocarpus,0,0,0,0,0,0,0,0,0,0,0,0,0,0,0,1,0,0
Acrocomia,1,0,0,0,0,0,0,0,0,0,0,0,0,0,0,0,0,0
Actinidia,1,0,1,0,4,0,0,0,0,0,0,0,0,0,0,0,0,0
Ada,0,0,0,0,0,0,0,0,0,0,0,0,0,0,0,0,0,0
Adansonia,0,0,0,0,0,0,0,0,0,0,0,0,0,0,0,0,0,0
Adenanthera,0,0,0,0,0,0,0,0,0,0,0,0,0,0,0,0,0,0
Adenocarpus,0,0,2,0,0,0,0,0,0,0,0,0,0,0,0,0,0,0
Adenophora,1,0,0,0,0,0,0,0,0,0,0,0,0,0,0,0,0,0
Adina,1,0,1,0,0,0,0,0,0,0,0,0,0,0,0,0,0,0
Adonis,0,0,0,0,0,0,0,0,0,0,0,0,0,0,0,0,0,0
Adoxa,0,0,1,0,0,0,0,0,0,0,0,0,0,0,0,0,0,0
Aegilops,11,0,13,0,3,0,0,0,0,0,0,0,0,0,0,0,0,0
Aegle,1,0,0,0,0,0,0,0,0,0,0,0,0,0,0,0,0,0
Aeluropus,0,0,0,0,0,0,0,0,0,0,0,0,0,0,0,0,0,0
Aeonium,0,0,11,0,0,0,0,0,0,0,0,0,0,0,0,0,0,0
Aerides,1,0,0,0,0,0,0,0,0,0,0,0,0,0,0,0,0,0
Aesculus,1,0,0,0,0,0,0,0,0,0,0,0,0,0,0,0,0,0
Aetheorhiza,0,0,0,0,0,0,0,0,0,0,0,0,0,0,0,0,0,0
Aethionema,1,0,1,0,0,0,0,0,0,0,0,0,0,0,0,0,0,0
Agapanthus,7,0,0,0,0,0,0,0,0,0,0,0,0,0,0,0,0,0
Agave,23,0,7,0,3,0,0,0,0,0,0,0,0,0,0,0,0,0
Agoseris,4,0,0,0,0,0,0,0,0,0,0,0,0,0,0,0,0,0
Agropyron,3,0,1,0,3,0,0,0,0,0,0,0,0,0,0,0,0,0
Agrostemma,0,0,0,0,0,0,0,0,0,0,0,0,0,0,0,0,0,0
Agrostis,0,0,2,0,7,0,0,0,0,0,1,0,0,0,0,0,0,0
Aichryson,0,0,0,0,0,0,0,0,0,0,0,0,0,0,0,0,0,0
Aidia,1,0,0,0,0,0,0,0,0,0,0,0,0,0,0,0,0,0
Ailanthus,0,0,0,0,0,0,0,0,0,0,0,0,0,0,0,0,0,0
Aira,2,0,2,0,0,0,0,0,0,0,0,0,0,0,0,0,0,0
Albizzia,2,0,0,0,0,0,0,0,0,0,0,0,0,0,0,0,0,0
Albuca,1,0,0,0,0,0,0,0,0,0,0,0,0,0,0,0,0,0
Alepis,1,0,0,0,0,0,0,0,0,0,0,0,0,0,0,0,0,0
Aleurites,0,0,0,0,0,0,0,0,0,0,0,0,0,0,0,0,0,0
Alisma,1,0,0,0,0,0,0,0,0,0,0,0,0,0,0,0,0,0
Allagopappus,1,0,0,0,0,0,0,0,0,0,0,0,0,0,0,0,0,0
Alliaria,0,0,1,0,0,0,0,0,0,0,0,0,0,0,0,0,0,0
Allium,113,4,19,1,0,0,1,0,0,0,0,0,0,0,0,0,0,0
Allocasuarina,1,0,0,0,0,0,0,0,0,0,0,0,0,0,0,0,0,0
Alnus,4,0,0,0,0,0,0,0,0,0,0,0,0,0,0,0,0,0
Alocasia,0,0,0,0,0,0,0,0,0,0,0,0,0,0,0,0,0,0
Aloe,86,0,4,0,0,0,0,0,0,0,0,0,0,0,0,0,0,0
Alopecurus,1,0,1,0,0,0,0,0,0,0,0,0,0,0,0,0,0,0
Aloysia,0,0,0,0,0,0,0,0,0,0,0,0,0,0,0,0,0,0
Alpinia,0,0,0,0,0,0,0,0,0,0,0,0,0,0,0,0,0,0
Alstonia,0,0,0,0,0,0,0,0,0,0,0,0,0,0,0,0,0,0
Alstroemeria,12,0,0,0,0,0,0,0,0,0,0,0,0,0,0,0,0,0
Alyssum,2,0,0,0,0,0,0,0,0,0,0,0,0,0,0,0,0,0
Amana,2,0,0,0,0,0,0,0,0,0,0,0,0,0,0,0,0,0
Amaranthus,9,0,2,0,0,0,0,0,0,0,0,0,0,0,0,0,0,0
Amaryllis,1,0,0,0,0,0,0,0,0,0,0,0,0,0,0,0,0,0
Amborella,0,0,0,0,0,0,0,0,0,0,0,0,0,0,0,0,0,0
Ambrosia,1,0,1,0,0,0,0,0,0,0,0,0,0,0,0,0,0,0
Amelanchier,1,0,2,0,0,0,0,0,0,0,0,0,0,0,0,0,0,0
Ammophila,0,0,1,0,0,0,0,0,0,0,0,0,0,0,0,0,0,0
Amoora,0,0,0,0,0,0,0,0,0,0,0,0,0,0,0,0,0,0
Amoreuxia,1,0,0,0,0,0,0,0,0,0,0,0,0,0,0,0,0,0
Amorphophallus,11,2,0,0,0,0,0,0,0,0,0,0,0,0,0,0,0,0
Ampelopsis,1,0,0,0,0,0,0,0,0,0,0,0,0,0,0,0,0,0
Amphibromus,0,0,0,0,1,0,0,0,0,0,0,0,0,0,0,0,0,0
Amphoricarpos,1,0,0,0,0,0,0,0,0,0,0,0,0,0,0,0,0,0
Amsinckia,0,0,0,0,0,0,0,0,0,0,0,0,0,0,0,0,0,0
Amyema,27,0,0,0,0,0,0,0,0,0,0,0,0,0,0,0,0,0
Amylotheca,1,0,0,0,0,0,0,0,0,0,0,0,0,0,0,0,0,0
Anacamptis,0,0,0,0,0,0,0,0,0,0,0,0,0,0,0,0,0,0
Anacyclus,4,0,0,0,0,0,0,0,0,0,0,0,0,0,0,0,0,0
Anagallis,0,0,1,0,0,0,0,0,0,0,0,0,0,0,0,0,0,0
Ananas,0,0,0,0,0,0,0,0,0,0,0,0,0,0,0,0,0,0
Androcymbium,0,0,0,0,0,0,0,0,0,0,0,0,0,0,0,0,0,0
Andropogon,0,0,0,0,1,0,0,0,0,0,0,0,0,0,0,0,0,0
Andryala,2,0,0,0,0,0,0,0,0,0,0,0,0,0,0,0,0,0
Anemanthele,0,0,1,0,0,0,0,0,0,0,0,0,0,0,0,0,0,0
Anemarrhena,1,0,0,0,0,0,0,0,0,0,0,0,0,0,0,0,0,0
Anemone,14,0,1,0,0,0,0,0,0,0,0,0,0,0,0,0,0,0
Anemopsis,0,0,0,0,0,0,0,0,0,0,0,0,0,0,0,0,0,0
Anethum,1,0,0,0,0,0,0,0,0,0,0,0,0,0,0,0,0,0
Angelica,1,0,0,0,0,0,0,0,0,0,0,0,0,0,0,0,0,0
Annona,3,0,2,0,0,0,0,0,0,0,0,0,0,0,0,0,0,0
Anogeissus,1,0,0,0,0,0,0,0,0,0,0,0,0,0,0,0,0,0
Anomatheca,1,0,0,0,0,0,0,0,0,0,0,0,0,0,0,0,0,0
Anredera,0,0,0,0,0,0,0,0,0,0,0,0,0,0,0,0,0,0
Ansellia,0,0,0,0,0,0,0,0,0,0,0,0,0,0,0,0,0,0
Anthemis,3,0,0,0,0,0,0,0,0,0,0,0,0,0,0,0,0,0
Anthericum,1,0,0,0,0,0,0,0,0,0,0,0,0,0,0,0,0,0
Anthocephalus,0,0,0,0,0,0,0,0,0,0,0,0,0,0,0,0,0,0
Anthospermum,4,0,0,0,0,0,0,0,0,0,0,0,0,0,0,0,0,0
Anthoxanthum,0,0,1,0,0,0,0,0,0,0,0,0,0,0,0,0,0,0
Anthriscus,1,0,0,0,0,0,0,0,0,0,0,0,0,0,0,0,0,0
Anthurium,0,0,0,0,0,0,0,0,0,0,0,0,0,0,0,0,0,0
Anthyllis,1,0,0,0,0,0,0,0,0,0,0,0,0,0,0,0,0,0
Antirrhinum,1,0,0,0,0,0,0,0,0,0,0,0,0,0,0,0,0,0
Anubias,0,0,0,0,0,0,0,0,0,0,0,0,0,0,0,0,0,0
Apera,1,0,0,0,0,0,0,0,0,0,0,0,0,0,0,0,0,0
Aphanes,0,0,0,0,1,0,0,0,0,0,0,0,0,0,0,0,0,0
Aphyllanthes,0,0,0,0,0,0,0,0,0,0,0,0,0,0,0,0,0,0
Apium,1,0,0,0,0,0,0,0,0,0,0,0,0,0,0,0,0,0
Aponogeton,0,0,0,0,0,0,0,0,0,0,0,0,0,0,0,0,0,0
Aporocactus,1,0,0,0,0,0,0,0,0,0,0,0,0,0,0,0,0,0
Aquilegia,1,0,0,0,0,0,0,0,0,0,0,0,0,0,0,0,0,0
Arabidopsis,6,0,1,0,0,0,0,0,0,0,0,0,0,0,0,0,0,0
Arabis,5,0,1,0,0,0,0,0,0,0,0,0,0,0,0,0,0,0
Arachis,20,0,3,0,0,0,0,0,0,0,0,0,0,0,0,0,0,0
Archidendron,0,0,0,0,0,0,0,0,0,0,0,0,0,0,0,0,0,0
Archontophoenix,1,0,0,0,0,0,0,0,0,0,0,0,0,0,0,0,0,0
Arctostaphylos,0,0,0,0,0,0,0,0,0,0,0,0,0,0,0,0,0,0
Ardisia,0,0,0,0,0,0,0,0,0,0,0,0,0,0,0,0,0,0
Areca,2,0,0,0,0,0,0,0,0,0,0,0,0,0,0,0,0,0
Aremonia,0,0,0,0,0,0,0,0,0,0,0,0,0,0,0,0,0,0
Arenaria,1,0,1,0,0,0,0,0,0,0,0,0,0,0,0,0,0,0
Argemone,1,0,0,0,0,0,0,0,0,0,0,0,0,0,0,0,0,0
Argyranthemum,10,0,0,0,0,0,0,0,0,0,0,0,0,0,0,0,0,0
Argyrolobium,1,0,0,0,0,0,0,0,0,0,0,0,0,0,0,0,0,0
Arisaema,0,0,0,0,0,0,0,0,0,0,0,0,0,0,0,0,0,0
Arisarum,0,0,0,0,0,0,0,0,0,0,0,0,0,0,0,0,0,0
Aristolochia,0,0,0,0,0,0,0,0,0,0,0,0,0,0,0,0,0,0
Armeria,0,0,0,0,0,0,0,0,0,0,0,0,0,0,0,0,0,0
Armoracia,0,0,1,0,0,0,0,0,0,0,0,0,0,0,0,0,0,0
Aronia,0,0,0,0,0,0,0,0,0,0,0,0,0,0,0,0,0,0
Arrhenatherum,0,0,1,0,0,0,0,0,0,0,0,0,0,0,0,0,0,0
Arrhenechtites,0,0,0,0,0,0,0,0,1,0,0,0,0,0,0,0,0,0
Artedia,1,0,0,0,0,0,0,0,0,0,0,0,0,0,0,0,0,0
Artemisia,36,0,19,0,4,0,0,0,0,0,0,0,0,0,0,0,0,0
Arthropodium,0,0,0,0,0,0,0,0,0,0,0,0,0,0,0,0,0,0
Artocarpus,0,0,0,0,0,0,0,0,0,0,0,0,0,0,0,0,0,0
Arum,0,0,0,0,0,0,1,0,0,0,0,0,0,0,0,0,0,0
Aruncus,1,0,0,0,0,0,0,0,0,0,0,0,0,0,0,0,0,0
Arundo,0,0,0,0,0,0,0,0,0,0,0,0,0,0,0,0,0,0
Asarum,2,0,0,0,0,0,0,0,0,0,0,0,0,0,0,0,0,0
Asclepias,1,0,0,0,0,0,0,0,0,0,0,0,0,0,0,0,0,0
Asimina,0,0,0,0,0,0,0,0,0,0,0,0,0,0,0,0,0,0
Askellia,1,0,0,0,0,0,0,0,0,0,0,0,0,0,0,0,0,0
Asparagus,2,0,0,0,0,0,0,0,0,0,0,0,0,0,0,0,0,0
Asphodeline,0,0,0,0,0,0,0,0,0,0,0,0,0,0,0,0,0,0
Asphodelus,1,0,0,0,0,0,0,0,0,0,0,0,0,0,0,0,0,0
Aspidistra,0,0,0,0,0,0,0,0,0,0,0,0,0,0,0,0,0,0
Astelia,0,0,0,0,0,0,1,0,0,0,0,0,0,0,0,0,0,0
Aster,4,0,0,0,0,0,1,0,0,0,0,0,0,0,0,0,0,0
Astragalus,1,0,0,0,0,0,0,0,0,0,0,0,0,0,0,0,0,0
Astrodaucus,2,0,0,0,0,0,0,0,0,0,0,0,0,0,0,0,0,0
Astrophytum,0,0,0,0,0,0,0,0,0,0,0,0,0,0,0,0,0,0
Atalantia,2,0,0,0,0,0,0,0,0,0,0,0,0,0,0,0,0,0
Atractylis,1,0,0,0,0,0,0,0,0,0,0,0,0,0,0,0,0,0
Atriplex,11,0,2,0,0,0,0,0,0,0,0,0,0,0,0,0,0,0
Atropa,0,0,0,0,1,0,0,0,0,0,0,0,0,0,0,0,0,0
Aubrieta,1,0,0,0,0,0,0,0,0,0,0,0,0,0,0,0,0,0
Aucuba,0,0,0,0,0,0,0,0,0,0,0,0,0,0,0,0,0,0
Australopyrum,1,0,0,0,0,0,0,0,0,0,0,0,0,0,0,0,0,0
Austrobaileya,0,0,0,0,0,0,0,0,0,0,0,0,0,0,0,0,0,0
Austrodanthonia,0,0,0,0,0,0,0,0,0,0,0,0,0,0,0,0,0,0
Austrofestuca,0,0,1,0,0,0,0,0,0,0,0,0,0,0,0,0,0,0
Austrostipa,0,0,1,0,0,0,0,0,0,0,0,0,0,0,0,0,0,0
Avena,10,0,3,0,6,0,0,0,0,0,0,0,0,0,0,0,0,0
Avenella,0,0,1,0,0,0,0,0,0,0,0,0,0,0,0,0,0,0
Avenula,1,0,0,0,1,0,0,0,0,0,0,0,0,0,0,0,0,0
Averrhoa,0,0,0,0,0,0,0,0,0,0,0,0,0,0,0,0,0,0
Azadirachta,0,0,0,0,0,0,0,0,0,0,0,0,0,0,0,0,0,0
Azorina,0,0,0,0,0,0,1,0,0,0,0,0,0,0,0,0,0,0
Babiana,1,0,0,0,0,0,0,0,0,0,0,0,0,0,0,0,0,0
Bacopa,0,0,0,0,0,0,0,0,0,0,0,0,0,0,0,0,0,0
Bactris,1,0,0,0,0,0,0,0,0,0,0,0,0,0,0,0,0,0
Baileya,0,0,0,0,0,0,0,0,0,0,0,0,0,0,0,0,0,0
Banksia,0,0,0,0,0,0,0,0,0,0,0,0,0,0,0,0,0,0
Barkeria,0,0,0,0,0,0,0,0,0,0,0,0,0,0,0,0,0,0
Barringtonia,1,0,0,0,0,0,0,0,0,0,0,0,0,0,0,0,0,0
Basella,0,0,0,0,0,0,0,0,0,0,0,0,0,0,0,0,0,0
Bauhinia,4,0,0,0,0,0,0,0,0,0,0,0,0,0,0,0,0,0
Beaucarnea,0,0,0,0,0,0,0,0,0,0,0,0,0,0,0,0,0,0
Beccariophoenix,1,0,0,0,0,0,0,0,0,0,0,0,0,0,0,0,0,0
Begonia,0,0,0,0,0,0,0,0,0,0,0,0,0,0,0,0,0,0
Bellevalia,5,0,2,0,0,0,1,0,0,0,0,0,0,0,0,0,0,0
Bellidiastrum,1,0,0,0,0,0,0,0,0,0,0,0,0,0,0,0,0,0
Bellis,1,0,0,0,0,0,0,0,0,0,0,0,0,0,0,0,0,0
Benincasa,1,0,0,0,0,0,0,0,0,0,0,0,0,0,0,0,0,0
Benthamina,1,0,0,0,0,0,0,0,0,0,0,0,0,0,0,0,0,0
Bentinckia,1,0,0,0,0,0,0,0,0,0,0,0,0,0,0,0,0,0
Berberidopsis,0,0,0,0,1,0,0,0,0,0,0,0,0,0,0,0,0,0
Berberis,10,0,2,0,0,0,0,0,0,0,0,0,0,0,0,0,0,0
Berrya,0,0,0,0,0,0,0,0,0,0,0,0,0,0,0,0,0,0
Berteroa,1,0,0,0,0,0,0,0,0,0,0,0,0,0,0,0,0,0
Beta,2,0,0,0,0,0,0,0,0,0,0,0,0,0,0,0,0,0
Betonica,1,0,0,0,0,0,0,0,0,0,0,0,0,0,0,0,0,0
Betula,2,1,1,0,0,0,0,0,0,0,0,0,0,0,0,0,0,0
Biarum,0,0,0,0,0,0,0,0,0,0,0,0,0,0,0,0,0,0
Bidens,0,0,2,0,0,0,0,0,0,0,0,0,0,0,0,0,0,0
Billbergia,1,0,0,0,0,0,0,0,0,0,0,0,0,0,0,0,0,0
Bischofia,0,0,0,0,0,0,0,0,0,0,0,0,0,0,0,0,0,0
Biscutella,2,0,1,0,0,0,0,0,0,0,0,0,0,0,0,0,0,0
Biserrula,0,0,0,0,0,0,0,0,0,0,0,0,0,0,0,0,0,0
Bismarckia,1,0,0,0,0,0,0,0,0,0,0,0,0,0,0,0,0,0
Bituminaria,1,0,0,0,0,0,0,0,0,0,0,0,0,0,0,0,0,0
Bixa,1,0,0,0,0,0,0,0,0,0,0,0,0,0,0,0,0,0
Blackstonia,0,0,1,0,0,0,0,0,0,0,0,0,0,0,0,0,0,0
Blandfordia,0,0,1,0,0,0,0,0,0,0,0,0,0,0,0,0,0,0
Blepharocalyx,1,0,0,0,0,0,0,0,0,0,0,0,0,0,0,0,0,0
Bletilla,0,0,0,0,0,0,0,0,0,0,0,0,0,0,0,0,0,0
Blighia,1,0,0,0,0,0,0,0,0,0,0,0,0,0,0,0,0,0
Boechera,0,0,0,0,0,0,0,0,0,0,0,0,0,0,0,0,0,0
Boenninghausenia,0,0,0,0,0,0,0,0,0,0,0,0,0,0,0,0,0,0
Bombax,0,0,0,0,0,0,0,0,0,0,0,0,0,0,0,0,0,0
Borago,1,0,0,0,0,0,0,0,0,0,0,0,0,0,0,0,0,0
Borassus,1,0,0,0,0,0,0,0,0,0,0,0,0,0,0,0,0,0
Boreava,1,0,0,0,0,0,0,0,0,0,0,0,0,0,0,0,0,0
Bornmuellera,1,0,0,0,0,0,0,0,0,0,0,0,0,0,0,0,0,0
Borzicactus,1,0,0,0,0,0,0,0,0,0,0,0,0,0,0,0,0,0
Bosea,0,0,1,0,0,0,0,0,0,0,0,0,0,0,0,0,0,0
Boswellia,0,0,0,0,0,0,0,0,0,0,0,0,0,0,0,0,0,0
Bougainvillea,4,0,0,0,0,0,0,0,0,0,0,0,0,0,0,0,0,0
Bouteloua,0,0,0,0,0,0,0,0,0,0,0,0,0,0,0,0,0,0
Bouvardia,0,0,0,0,0,0,1,0,0,0,0,0,0,0,0,0,0,0
Bowiea,1,0,0,0,0,0,0,0,0,0,0,0,0,0,0,0,0,0
Brachanthemum,1,0,0,0,0,0,0,0,0,0,0,0,0,0,0,0,0,0
Brachychiton,0,0,0,0,0,0,0,0,0,0,0,0,0,0,0,0,0,0
Brachycome,1,0,0,0,0,0,0,0,0,0,0,0,0,0,0,0,0,0
Brachypodium,5,0,2,0,0,0,0,0,0,0,0,0,0,0,0,0,0,0
Brahea,0,0,0,0,0,0,0,0,0,0,0,0,0,0,0,0,0,0
Brasenia,0,0,0,0,0,0,0,0,0,0,0,0,0,0,0,0,0,0
Brassia,1,0,0,0,0,0,0,0,0,0,0,0,0,0,0,0,0,0
Brassica,5,0,3,0,0,0,0,0,0,0,0,0,0,0,0,0,0,0
Bridelia,1,0,0,0,0,0,0,0,0,0,0,0,0,0,0,0,0,0
Brighamia,0,0,0,0,0,0,0,0,0,0,0,0,0,0,0,0,0,0
Brimeura,0,0,0,0,0,0,0,0,0,0,0,0,0,0,0,0,0,0
Briza,4,0,15,0,0,0,0,0,0,0,0,0,0,0,0,0,0,0
Brocchinia,0,0,0,0,0,0,0,0,0,0,0,0,0,0,0,0,0,0
Bromus,16,0,14,0,16,0,7,0,1,0,1,0,0,0,0,0,0,0
Broughtonia,0,0,0,0,0,0,0,0,0,0,0,0,0,0,0,0,0,0
Broussonetia,1,0,0,0,0,0,0,0,0,0,0,0,0,0,0,0,0,0
Bryonia,2,0,0,0,0,0,0,0,0,0,0,0,0,0,0,0,0,0
Buchloe,0,0,1,0,0,0,0,0,0,0,0,0,0,0,0,0,0,0
Buddleja,2,0,1,0,0,0,0,0,0,0,0,0,0,0,0,0,0,0
Bulbine,7,0,0,0,0,0,0,0,0,0,0,0,0,0,0,0,0,0
Bulbinella,0,0,0,0,0,0,0,0,0,0,0,0,0,0,0,0,0,0
Bulbophyllum,0,0,0,0,0,0,0,0,0,0,0,0,0,0,0,0,0,0
Bulnesia,6,0,0,0,0,0,1,0,0,0,0,0,0,0,0,0,0,0
Bunias,2,0,0,0,0,0,0,0,0,0,0,0,0,0,0,0,0,0
Buphthalmum,1,0,0,0,0,0,0,0,0,0,0,0,0,0,0,0,0,0
Bupleurum,5,0,1,0,0,0,0,0,0,0,0,0,0,0,0,0,0,0
Butea,1,0,0,0,0,0,0,0,0,0,0,0,0,0,0,0,0,0
Butomus,0,1,0,0,0,0,0,0,0,0,0,0,0,0,0,0,0,0
Buxus,0,0,0,0,0,0,0,0,0,0,0,0,0,0,0,0,0,0
Byblis,1,0,0,0,0,0,0,0,0,0,0,0,0,0,0,0,0,0
Bystropogon,0,0,0,0,1,0,0,0,0,0,0,0,0,0,0,0,0,0
Cadetia,0,0,0,0,0,0,0,0,0,0,0,0,0,0,0,0,0,0
Caesalpinia,2,0,0,0,0,0,0,0,0,0,0,0,0,0,0,0,0,0
Cajanus,11,0,0,0,0,0,0,0,0,0,0,0,0,0,0,0,0,0
Cakile,0,0,0,0,0,0,0,0,0,0,0,0,0,0,0,0,0,0
Caladium,0,0,0,0,0,0,0,0,0,0,0,0,0,0,0,0,0,0
Calamagrostis,0,0,0,0,0,0,0,0,0,0,0,0,0,0,0,0,0,0
Calamus,2,0,0,0,0,0,0,0,0,0,0,0,0,0,0,0,0,0
Calandrinia,0,0,0,0,0,0,0,0,0,0,0,0,0,0,0,0,0,0
Calanthe,1,0,0,0,0,0,0,0,0,0,0,0,0,0,0,0,0,0
Calathea,10,0,0,0,0,0,0,0,0,0,0,0,0,0,0,0,0,0
Calceolaria,0,0,0,0,0,0,0,0,0,0,0,0,0,0,0,0,0,0
Calepina,1,0,0,0,0,0,0,0,0,0,0,0,0,0,0,0,0,0
Calibanus,0,0,0,0,0,0,0,0,0,0,0,0,0,0,0,0,0,0
Calibrachoa,18,0,0,0,0,0,0,0,0,0,0,0,0,0,0,0,0,0
Calla,0,0,0,0,0,0,0,0,0,0,0,0,0,0,0,0,0,0
Callisia,4,0,1,0,0,0,1,0,0,0,0,0,0,0,0,0,0,0
Callistemon,0,0,0,0,0,0,0,0,0,0,0,0,0,0,0,0,0,0
Callitriche,6,0,2,0,0,0,1,0,0,0,0,0,0,0,0,0,0,0
Calochortus,0,0,0,0,0,0,0,0,0,0,0,0,0,0,0,0,0,0
Caltha,0,0,0,0,0,1,0,0,0,0,0,0,0,0,0,0,0,0
Calycadenia,1,0,0,0,0,0,0,0,0,0,0,0,0,0,0,0,0,0
Calycanthus,0,0,0,0,0,0,0,0,0,0,0,0,0,0,0,0,0,0
Calyptranthes,2,0,0,0,0,0,0,0,0,0,0,0,0,0,0,0,0,0
Calyptrogyne,1,0,0,0,0,0,0,0,0,0,0,0,0,0,0,0,0,0
Calystegia,1,0,0,0,0,0,0,0,0,0,0,0,0,0,0,0,0,0
Camassia,3,0,0,0,0,0,0,0,0,0,0,0,0,0,0,0,0,0
Camellia,1,0,0,0,0,0,0,0,0,0,0,0,0,0,0,0,0,0
Campanula,4,0,1,0,0,0,0,0,0,0,0,0,0,0,0,0,0,0
Campelia,2,0,0,0,0,0,0,0,0,0,0,0,0,0,0,0,0,0
Campomanesia,6,0,0,0,0,0,0,0,0,0,0,0,0,0,0,0,0,0
Campylanthus,1,0,0,0,0,0,0,0,0,0,0,0,0,0,0,0,0,0
Cananga,1,0,0,0,0,0,0,0,0,0,0,0,0,0,0,0,0,0
Canarina,0,0,1,0,0,0,0,0,0,0,0,0,0,0,0,0,0,0
Canella,0,0,0,0,0,0,0,0,0,0,0,0,0,0,0,0,0,0
Canna,1,0,0,0,0,0,0,0,0,0,0,0,0,0,0,0,0,0
Cannabis,2,0,0,0,0,0,0,0,0,0,0,0,0,0,0,0,0,0
Canotia,1,0,0,0,0,0,0,0,0,0,0,0,0,0,0,0,0,0
Capsella,1,0,1,0,0,0,0,0,0,0,0,0,0,0,0,0,0,0
Capsicum,12,0,0,0,0,0,0,0,0,0,0,0,0,0,0,0,0,0
Caragana,1,0,0,0,0,0,0,0,0,0,0,0,0,0,0,0,0,0
Cardamine,2,0,4,1,3,0,1,0,0,0,0,0,0,0,0,0,0,0
Cardaminopsis,0,0,0,0,0,0,0,0,0,0,0,0,0,0,0,0,0,0
Cardiocrinum,1,0,0,0,0,0,0,0,0,0,0,0,0,0,0,0,0,0
Carduus,0,0,0,0,0,0,0,0,0,0,0,0,0,0,0,0,0,0
Carex,5,0,2,0,0,0,0,0,0,0,0,0,0,0,0,0,0,0
Carica,1,0,0,0,0,0,0,0,0,0,0,0,0,0,0,0,0,0
Carlina,3,0,0,0,0,0,0,0,0,0,0,0,0,0,0,0,0,0
Carludovica,0,0,0,0,0,0,0,0,0,0,0,0,0,0,0,0,0,0
Carnegiea,0,0,0,0,0,0,0,0,0,0,0,0,0,0,0,0,0,0
Carpinus,0,0,0,0,0,0,0,0,0,0,0,0,0,0,0,0,0,0
Carrichtera,1,0,0,0,0,0,0,0,0,0,0,0,0,0,0,0,0,0
Carthamus,13,0,1,0,2,0,0,0,0,0,0,0,0,0,0,0,0,0
Carum,2,0,0,0,0,0,0,0,0,0,0,0,0,0,0,0,0,0
Carya,1,0,0,0,0,0,0,0,0,0,0,0,0,0,0,0,0,0
Caryota,1,0,0,0,0,0,0,0,0,0,0,0,0,0,0,0,0,0
Casearia,0,0,0,0,0,0,0,0,0,0,0,0,0,0,0,0,0,0
Casimiroa,0,0,1,0,0,0,0,0,0,0,0,0,0,0,0,0,0,0
Cassia,10,0,1,0,0,0,0,0,0,0,0,0,0,0,0,0,0,0
Castanea,0,0,0,0,0,0,0,0,0,0,0,0,0,0,0,0,0,0
Castanospermum,0,0,0,0,0,0,0,0,0,0,0,0,0,0,0,0,0,0
Castellia,1,0,0,0,0,0,0,0,0,0,0,0,0,0,0,0,0,0
Casuarina,2,0,0,0,0,0,0,0,0,0,0,0,0,0,0,0,0,0
Catabrosa,0,0,0,0,0,0,0,0,0,0,0,0,0,0,0,0,0,0
Catharanthus,0,0,0,0,0,0,0,0,0,0,0,0,0,0,0,0,0,0
Cattleya,0,0,0,0,0,0,1,0,0,0,0,0,0,0,0,0,0,0
Catunaregam,0,0,0,0,0,0,0,0,0,0,0,0,0,0,0,0,0,0
Caucalis,1,0,0,0,0,0,0,0,0,0,0,0,0,0,0,0,0,0
Caulanthus,0,0,0,0,0,0,0,0,0,0,0,0,0,0,0,0,0,0
Ceballosia,1,0,0,0,0,0,0,0,0,0,0,0,0,0,0,0,0,0
Ceiba,1,0,0,0,0,0,0,0,0,0,0,0,0,0,0,0,0,0
Celosia,1,0,3,0,0,0,0,0,0,0,1,0,0,0,0,0,0,0
Celtis,0,0,1,0,0,0,0,0,0,0,0,0,0,0,0,0,0,0
Cenchrus,0,0,0,0,1,0,0,0,0,0,0,0,0,0,0,0,0,0
Centaurea,21,0,12,0,0,0,0,0,0,0,0,0,0,0,0,0,0,0
Centaurium,0,0,0,0,0,0,0,0,0,0,0,0,0,0,0,0,0,0
Centranthus,0,0,7,0,0,0,0,0,0,0,0,0,0,0,0,0,0,0
Cephalanthera,2,0,0,0,0,0,0,0,0,0,0,0,0,0,0,0,0,0
Cephalaria,4,0,1,0,0,0,0,0,0,0,0,0,0,0,0,0,0,0
Cephalotus,1,0,0,0,0,0,0,0,0,0,0,0,0,0,0,0,0,0
Cerastium,6,0,1,0,2,0,1,0,0,0,0,0,0,1,0,0,0,0
Ceratonia,1,0,0,0,0,0,0,0,0,0,0,0,0,0,0,0,0,0
Ceratophyllum,0,0,0,0,1,0,0,0,0,0,0,0,0,0,0,0,0,0
Cercidiphyllum,0,0,0,0,0,0,0,0,0,0,0,0,0,0,0,0,0,0
Cerinthe,0,0,0,0,0,0,0,0,0,0,0,0,0,0,0,0,0,0
Ceropegia,2,0,1,0,0,0,0,0,0,0,0,0,0,0,0,0,0,0
Ceroxylon,0,0,0,0,0,0,0,0,0,0,0,0,0,0,0,0,0,0
Chaenomeles,1,0,0,0,0,0,0,0,0,0,0,0,0,0,0,0,0,0
Chamaecytisus,0,0,1,0,0,0,0,0,0,0,0,0,0,0,0,0,0,0
Chamaedorea,3,0,0,0,0,0,0,0,0,0,0,0,0,0,0,0,0,0
Chamaemelum,3,0,0,0,0,0,0,0,0,0,0,0,0,0,0,0,0,0
Chamerion,1,0,0,0,0,0,0,0,0,0,0,0,0,0,0,0,0,0
Chardinia,1,0,0,0,0,0,0,0,0,0,0,0,0,0,0,0,0,0
Cheiranthus,1,0,0,0,0,0,0,0,0,0,0,0,0,0,0,0,0,0
Cheirolophus,0,0,0,0,0,0,0,0,0,0,0,0,0,0,0,0,0,0
Chelidonium,1,0,0,0,0,0,0,0,0,0,0,0,0,0,0,0,0,0
Chenopodium,7,0,5,0,1,0,0,0,0,0,0,0,0,0,0,0,0,0
Chionochloa,0,0,0,0,16,0,0,0,0,0,0,0,0,0,0,0,0,0
Chlidanthus,0,0,0,0,0,0,0,0,0,0,0,0,0,0,0,0,0,0
Chloranthus,0,0,0,0,0,0,0,0,0,0,0,0,0,0,0,0,0,0
Chloris,1,0,0,0,0,0,0,0,0,0,0,0,0,0,0,0,0,0
Chlorophytum,0,0,1,0,0,0,0,0,0,0,0,0,0,0,0,0,0,0
Chorisia,0,0,0,0,0,0,0,0,0,0,0,0,0,0,0,0,0,0
Chorispora,1,0,0,0,0,0,0,0,0,0,0,0,0,0,0,0,0,0
Chortolirion,0,0,0,0,0,0,0,0,0,0,0,0,0,0,0,0,0,0
Chouardia,2,0,0,0,0,0,0,0,0,0,0,0,0,0,0,0,0,0
Christolea,1,0,0,0,0,0,0,0,0,0,0,0,0,0,0,0,0,0
Chrysanthemum,8,0,3,0,0,0,0,0,0,0,0,0,0,0,0,0,0,0
Chrysochamela,0,0,0,0,0,0,0,0,0,0,0,0,0,0,0,0,0,0
Chuniophoenix,1,0,0,0,0,0,0,0,0,0,0,0,0,0,0,0,0,0
Cicca,0,0,0,0,0,0,0,0,0,0,0,0,0,0,0,0,0,0
Cicer,8,0,0,0,0,0,0,0,0,0,0,0,0,0,0,0,0,0
Cienfuegosia,3,0,0,0,0,0,0,0,0,0,0,0,0,0,0,0,0,0
Cinnamomum,1,0,0,0,0,0,0,0,0,0,0,0,0,0,0,0,0,0
Cipura,0,0,1,0,0,0,0,0,0,0,0,0,0,0,0,0,0,0
Cirsium,12,0,1,0,0,0,0,0,0,0,0,0,0,0,0,0,0,0
Cistanche,1,0,0,0,0,0,0,0,0,0,0,0,0,0,0,0,0,0
Cistus,16,0,0,0,0,0,0,0,0,0,0,0,0,0,0,0,0,0
Citrullus,1,0,0,0,0,0,0,0,0,0,0,0,0,0,0,0,0,0
Citrus,11,1,0,0,0,0,0,0,0,0,0,0,0,0,0,0,0,0
Clarkia,12,0,0,0,0,0,0,0,0,0,0,0,0,0,0,0,0,0
Claytonia,0,0,0,0,0,0,0,0,0,0,0,0,0,0,0,0,0,0
Cleisostoma,0,0,0,0,0,0,0,0,0,0,0,0,0,0,0,0,0,0
Cleistocactus,1,0,0,0,0,0,0,0,0,0,0,0,0,0,0,0,0,0
Clematis,1,0,0,0,0,0,0,0,0,0,0,0,0,0,0,0,0,0
Cleome,0,0,0,0,0,0,0,0,0,0,0,0,0,0,0,0,0,0
Clintonia,0,0,0,0,0,0,0,0,0,0,0,0,0,0,0,0,0,0
Clivia,1,0,0,0,0,0,0,0,0,0,0,0,0,0,0,0,0,0
Coccinia,1,0,0,0,0,0,0,0,0,0,0,0,0,0,0,0,0,0
Coccoloba,0,0,0,0,0,0,0,0,0,0,0,0,0,0,0,0,0,0
Coccothrinax,1,0,0,0,0,0,0,0,0,0,0,0,0,0,0,0,0,0
Cochlearia,1,0,1,0,1,0,1,0,0,0,0,0,0,0,0,0,0,0
Cochlioda,0,0,0,0,0,0,0,0,0,0,0,0,0,0,0,0,0,0
Cocos,1,0,0,0,0,0,0,0,0,0,0,0,0,0,0,0,0,0
Coelogyne,2,0,0,0,0,0,0,0,0,0,0,0,0,0,0,0,0,0
Coffea,19,0,1,0,0,0,0,0,0,0,0,0,0,0,0,0,0,0
Coix,0,0,1,0,0,0,0,0,0,0,0,0,0,0,0,0,0,0
Cola,0,0,0,0,0,0,0,0,0,0,0,0,0,0,0,0,0,0
Colchicum,0,0,0,0,1,0,0,0,0,0,0,0,0,1,0,0,0,0
Coleonema,0,0,0,0,0,0,0,0,0,0,0,0,0,0,0,0,0,0
Coleus,0,0,1,0,0,0,0,0,0,0,0,0,0,0,0,0,0,0
Collinsia,3,0,0,0,0,0,0,0,0,0,0,0,0,0,0,0,0,0
Collomia,1,0,0,0,0,0,0,0,0,0,0,0,0,0,0,0,0,0
Colobanthus,0,0,0,0,0,0,0,0,0,0,0,0,0,0,0,0,0,0
Colocasia,0,0,0,0,0,0,0,0,0,0,0,0,0,0,0,0,0,0
Colpodium,1,0,0,0,0,0,0,0,0,0,0,0,0,0,0,0,0,0
Colubrina,0,0,0,0,0,0,0,0,0,0,0,0,0,0,0,0,0,0
Colutea,1,0,0,0,0,0,0,0,0,0,0,0,0,0,0,0,0,0
Colymbada,10,0,0,0,0,0,0,0,0,0,0,0,0,0,0,0,0,0
Commelina,3,0,2,0,4,0,2,0,0,0,0,0,0,0,0,0,0,0
Commiphora,1,0,0,0,0,0,0,0,0,0,0,0,0,0,0,0,0,0
Conostylis,0,0,0,0,0,0,0,0,0,0,0,0,0,0,0,0,0,0
Conringia,1,0,0,0,0,0,0,0,0,0,0,0,0,0,0,0,0,0
Consolea,0,0,0,0,7,0,2,0,0,0,0,0,0,0,0,0,0,0
Consolida,1,0,0,0,0,0,0,0,0,0,0,0,0,0,0,0,0,0
Convallaria,0,0,0,0,0,0,0,0,0,0,0,0,0,0,0,0,0,0
Convolvulus,0,0,1,0,3,0,0,0,0,0,0,0,0,0,0,0,0,0
Conyza,1,0,0,0,0,0,0,0,0,0,0,0,0,0,0,0,0,0
Coprosma,0,0,2,0,0,0,0,0,0,0,0,0,0,0,0,0,0,0
Corchorus,7,0,0,0,0,0,0,0,0,0,0,0,0,0,0,0,0,0
Coreopsis,2,0,0,0,0,0,0,0,0,0,0,0,0,0,0,0,0,0
Coriandrum,0,0,0,0,0,0,0,0,0,0,0,0,0,0,0,0,0,0
Coriaria,0,0,0,0,0,0,1,0,0,0,0,0,0,0,0,0,0,0
Cornus,1,0,0,0,0,0,0,0,0,0,0,0,0,0,0,0,0,0
Coronilla,1,0,0,0,0,0,0,0,0,0,0,0,0,0,0,0,0,0
Correa,0,0,0,0,0,0,0,0,0,0,0,0,0,0,0,0,0,0
Corrigiola,0,0,0,0,0,0,0,0,0,0,0,0,0,0,0,0,0,0
Cortaderia,0,0,0,0,0,0,0,0,5,0,0,0,0,0,0,0,0,0
Corydalis,0,0,1,0,0,0,0,0,0,0,0,0,0,0,0,0,0,0
Corylopsis,0,0,0,0,0,0,0,0,0,0,0,0,0,0,0,0,0,0
Corylus,1,0,0,0,0,0,0,0,0,0,0,0,0,0,0,0,0,0
Corynephorus,1,0,0,0,0,0,0,0,0,0,0,0,0,0,0,0,0,0
Corynocarpus,0,0,0,0,0,0,0,0,0,0,0,0,0,0,0,0,0,0
Cosmos,2,0,0,0,0,0,0,0,0,0,0,0,0,0,0,0,0,0
Cotinus,0,0,0,0,0,0,0,0,0,0,0,0,0,0,0,0,0,0
Cotoneaster,1,0,5,0,0,0,0,0,0,0,0,0,0,0,0,0,0,0
Cotula,1,0,0,0,0,0,0,0,0,0,0,0,0,0,0,0,0,0
Crambe,0,0,1,0,4,0,1,0,0,0,0,0,0,0,0,0,0,0
Crataegus,18,14,20,0,0,0,0,0,0,0,0,0,0,0,0,0,0,0
Craterostigma,0,0,0,0,0,0,0,0,0,0,0,0,0,0,0,0,0,0
Crepis,40,0,2,0,0,0,1,0,0,0,0,0,0,0,0,0,0,0
Crescentia,1,0,0,0,0,0,0,0,0,0,0,0,0,0,0,0,0,0
Crinodendron,0,0,0,0,0,0,0,0,0,0,0,0,0,0,0,0,0,0
Crinum,0,0,0,0,0,0,0,0,0,0,0,0,0,0,0,0,0,0
Crithmum,1,0,0,0,0,0,0,0,0,0,0,0,0,0,0,0,0,0
Crocosmia,0,0,0,0,0,0,0,0,0,0,0,0,0,0,0,0,0,0
Crocus,5,1,0,0,0,0,0,0,0,0,0,0,0,0,0,0,0,0
Crossopteryx,1,0,0,0,0,0,0,0,0,0,0,0,0,0,0,0,0,0
Crotalaria,13,0,0,0,0,0,0,0,0,0,0,0,0,0,0,0,0,0
Cruciata,1,0,0,0,0,0,0,0,0,0,0,0,0,0,0,0,0,0
Crucihimalaya,1,0,1,0,0,0,0,0,0,0,0,0,0,0,0,0,0,0
Cryptanthus,4,0,0,0,0,0,0,0,0,0,0,0,0,0,0,0,0,0
Cryptocoryne,0,0,0,0,0,0,0,0,0,0,0,0,0,0,0,0,0,0
Cryptotaenia,1,0,0,0,0,0,0,0,0,0,0,0,0,0,0,0,0,0
Cucumella,0,0,0,0,0,0,0,0,0,0,0,0,0,0,0,0,0,0
Cucumis,12,0,3,0,0,0,0,0,0,0,0,0,0,0,0,0,0,0
Cucurbita,8,0,0,0,0,0,0,0,0,0,0,0,0,0,0,0,0,0
Culcitium,1,0,0,0,0,0,0,0,0,0,0,0,0,0,0,0,0,0
Cuminum,1,0,0,0,0,0,0,0,0,0,0,0,0,0,0,0,0,0
Curcuma,1,0,0,0,20,0,0,8,0,1,0,0,1,0,0,0,0,0
Cuscuta,0,0,0,0,0,0,1,0,0,0,0,0,0,0,0,0,0,0
Cyanotis,0,0,0,0,0,0,0,0,0,0,0,0,0,0,0,0,0,0
Cyanus,6,0,1,0,0,0,0,0,0,0,0,0,0,0,0,0,0,0
Cyclamen,2,0,0,0,0,0,0,0,0,0,0,0,0,0,0,0,0,0
Cyclanthus,0,0,0,0,0,0,0,0,0,0,0,0,0,0,0,0,0,0
Cydonia,1,0,0,0,0,0,0,0,0,0,0,0,0,0,0,0,0,0
Cymbalaria,0,0,0,0,0,0,0,0,0,0,0,0,0,0,0,0,0,0
Cymbidium,1,0,1,0,0,0,0,0,0,0,0,0,0,0,0,0,0,0
Cymbopetalum,1,0,0,0,0,0,0,0,0,0,0,0,0,0,0,0,0,0
Cymodocea,0,0,1,0,0,0,0,0,0,0,0,0,0,0,0,0,0,0
Cynara,1,0,0,0,0,0,0,0,0,0,0,0,0,0,0,0,0,0
Cynodon,1,0,0,0,1,0,0,0,0,0,0,0,0,0,0,0,0,0
Cynosurus,1,0,0,0,0,0,0,0,0,0,0,0,0,0,0,0,0,0
Cypella,1,0,0,0,0,0,0,0,0,0,0,0,0,0,0,0,0,0
Cyperus,1,0,0,0,0,0,0,0,0,0,0,0,0,0,0,0,0,0
Cyphomandra,11,0,0,0,0,0,0,0,0,0,0,0,0,0,0,0,0,0
Cypripedium,4,0,0,0,0,0,0,0,0,0,0,0,0,0,0,0,0,0
Cyrtanthus,0,0,0,0,0,0,0,0,0,0,0,0,0,0,0,0,0,0
Cyrtochiloides,0,0,0,0,0,0,0,0,0,0,0,0,0,0,0,0,0,0
Cyrtochilum,0,0,0,0,0,0,0,0,0,0,0,0,0,0,0,0,0,0
Cytisus,0,0,2,0,0,0,0,0,0,0,0,0,0,0,0,0,0,0
Dactylis,3,0,0,0,0,0,0,0,0,0,0,0,0,0,0,0,0,0
Dactyloctenium,0,0,0,0,0,0,0,0,0,0,0,0,0,0,0,0,0,0
Dactylorhiza,2,0,2,0,0,0,0,0,0,0,0,0,0,0,0,0,0,0
Daemonorops,1,0,0,0,0,0,0,0,0,0,0,0,0,0,0,0,0,0
Dahlia,0,0,9,0,0,0,2,0,0,0,0,0,0,0,0,0,0,0
Dalbergia,10,0,0,0,0,0,0,0,0,0,0,0,0,0,0,0,0,0
Damasonium,0,0,0,0,0,0,0,0,0,0,0,0,0,0,0,0,0,0
Dana¥,0,0,0,0,0,0,0,0,0,0,0,0,0,0,0,0,0,0
Danthonia,0,0,1,0,0,0,0,0,0,0,0,0,0,0,0,0,0,0
Daphne,4,0,0,0,0,0,0,0,0,0,0,0,0,0,0,0,0,0
Daphniphyllum,0,0,0,0,0,0,0,0,0,0,0,0,0,0,0,0,0,0
Dasylirion,0,0,0,0,0,0,0,0,0,0,0,0,0,0,0,0,0,0
Dasypogon,1,0,0,0,0,0,0,0,0,0,0,0,0,0,0,0,0,0
Dasypyrum,0,0,1,0,0,0,0,0,0,0,0,0,0,0,0,0,0,0
Datisca,0,0,0,0,0,0,0,0,0,0,0,0,0,0,0,0,0,0
Datura,4,0,0,0,0,0,0,0,0,0,0,0,0,0,0,0,0,0
Daucus,8,0,0,0,1,0,0,0,0,0,0,0,0,0,0,0,0,0
Decaisnea,1,0,0,0,0,0,0,0,0,0,0,0,0,0,0,0,0,0
Decaisnina,3,0,0,0,0,0,0,0,0,0,0,0,0,0,0,0,0,0
Degenia,1,0,0,0,0,0,0,0,0,0,0,0,0,0,0,0,0,0
Delphinium,2,0,0,0,0,0,0,0,0,0,0,0,0,0,0,0,0,0
Dendranthema,0,0,1,0,1,0,2,0,0,0,0,0,0,0,0,0,0,0
Dendrobium,41,0,0,0,0,0,0,0,0,0,0,0,0,0,0,0,0,0
Dendrophthoe,5,0,0,0,0,0,0,0,0,0,0,0,0,0,0,0,0,0
Dendroseris,0,0,2,0,0,0,0,0,0,0,0,0,0,0,0,0,0,0
Dentaria,0,0,0,0,0,0,0,0,0,0,0,0,0,0,0,0,0,0
Deschampsia,4,0,1,0,0,0,0,0,0,0,0,0,0,0,0,0,0,0
Descurainia,5,0,0,0,0,0,0,0,0,0,0,0,0,0,0,0,0,0
Desideria,1,0,0,0,0,0,0,0,0,0,0,0,0,0,0,0,0,0
Desmazeria,2,0,0,0,0,0,0,0,0,0,0,0,0,0,0,0,0,0
Desmoncus,1,0,0,0,0,0,0,0,0,0,0,0,0,0,0,0,0,0
Deuterocohnia,0,0,0,0,0,0,0,0,0,0,0,0,0,0,0,0,0,0
Deutzia,0,0,1,0,0,0,0,0,0,0,0,0,0,0,0,0,0,0
Deyeuxia,0,0,2,0,1,0,2,0,1,0,0,0,0,0,0,0,0,0
Dianthus,2,0,2,0,0,0,0,0,0,0,0,0,0,0,0,0,0,0
Dicentra,0,0,0,0,0,0,0,0,0,0,0,0,0,0,0,0,0,0
Dichelachne,0,0,0,0,0,0,0,0,4,0,0,0,0,0,0,0,0,0
Dichelostemma,0,0,0,0,0,0,0,0,0,0,0,0,0,0,0,0,0,0
Dicheranthus,1,0,0,0,0,0,0,0,0,0,0,0,0,0,0,0,0,0
Dichorisandra,0,0,0,0,0,0,0,0,0,0,0,0,0,0,0,0,0,0
Dicranostigma,1,0,0,0,0,0,0,0,0,0,0,0,0,0,0,0,0,0
Dictamnus,0,0,0,0,0,0,0,0,0,0,0,0,0,0,0,0,0,0
Dieffenbachia,0,0,0,0,0,0,0,0,0,0,0,0,0,0,0,0,0,0
Dietes,1,0,0,0,0,0,0,0,0,0,0,0,0,0,0,0,0,0
Digitalis,2,0,0,0,0,0,0,0,0,0,0,0,0,0,0,0,0,0
Digitaria,0,0,1,0,1,0,0,0,0,0,0,0,0,0,0,0,0,0
Dillenia,0,0,0,0,0,0,0,0,0,0,0,0,0,0,0,0,0,0
Dioscorea,1,0,8,0,2,0,0,0,0,0,0,0,0,0,0,0,0,0
Diospyros,0,0,0,0,0,0,0,0,0,0,0,0,0,0,0,0,0,0
Dipcadi,0,0,0,0,0,0,0,0,0,0,0,0,0,0,0,0,0,0
Diplatia,2,0,0,0,0,0,0,0,0,0,0,0,0,0,0,0,0,0
Diplotaxis,2,0,0,0,0,0,0,0,0,0,0,0,0,0,0,0,0,0
Dipsacus,4,0,0,0,0,0,0,0,0,0,0,0,0,0,0,0,0,0
Disporum,0,0,0,0,0,0,0,0,0,0,0,0,0,0,0,0,0,0
Dissotis,0,0,0,0,0,0,0,0,0,0,0,0,0,0,0,0,0,0
Distylium,0,0,0,0,0,0,0,0,0,0,0,0,0,0,0,0,0,0
Dodecatheon,0,0,0,0,0,0,0,0,0,0,0,0,0,0,0,0,0,0
Dodonaea,0,0,0,0,0,0,0,0,0,0,0,0,0,0,0,0,0,0
Doritis,1,0,0,0,0,0,0,0,0,0,0,0,0,0,0,0,0,0
Doronicum,0,0,0,0,0,0,0,0,0,0,0,0,0,0,0,0,0,0
Doryanthes,0,0,0,0,0,0,0,0,0,0,0,0,0,0,0,0,0,0
Dorycnium,2,0,0,0,0,0,0,0,0,0,0,0,0,0,0,0,0,0
Draba,6,0,1,0,0,0,0,0,0,0,0,0,0,0,0,0,0,0
Dracaena,0,0,1,0,0,0,0,0,0,0,0,0,0,0,0,0,0,0
Dracunculus,1,0,0,0,0,0,0,0,0,0,0,0,0,0,0,0,0,0
Drimiopsis,0,0,0,0,0,0,0,0,0,0,0,0,0,0,0,0,0,0
Drimys,0,0,0,0,0,0,0,0,0,0,0,0,0,0,0,0,0,0
Drosera,3,1,1,0,0,0,1,0,0,0,0,0,0,0,0,0,0,0
Drosophyllum,1,0,0,0,0,0,0,0,0,0,0,0,0,0,0,0,0,0
Dryas,1,0,0,0,0,0,0,0,0,0,0,0,0,0,0,0,0,0
Drypetes,0,0,0,0,0,0,0,0,0,0,0,0,0,0,0,0,0,0
Drypis,0,0,0,0,0,0,0,0,0,0,0,0,0,0,0,0,0,0
Duchesnea,0,0,1,0,0,0,0,0,0,0,0,0,0,0,0,0,0,0
Dunbaria,1,0,0,0,0,0,0,0,0,0,0,0,0,0,0,0,0,0
Dyckia,0,0,0,0,0,0,0,0,0,0,0,0,0,0,0,0,0,0
Dypsis,7,0,0,0,0,0,0,0,0,0,0,0,0,0,0,0,0,0
Ecballium,0,0,0,0,0,0,0,0,0,0,0,0,0,0,0,0,0,0
Ecdeiocolea,0,0,0,0,0,0,0,0,0,0,0,0,0,0,0,0,0,0
Echinocactus,0,0,0,0,0,0,0,0,0,0,0,0,0,0,0,0,0,0
Echinochloa,0,0,0,0,0,0,0,0,0,0,0,0,0,0,0,0,0,0
Echinocystis,0,0,1,0,0,0,0,0,0,0,0,0,0,0,0,0,0,0
Echinodorus,3,0,0,0,0,0,0,0,0,0,0,0,0,0,0,0,0,0
Echinopogon,0,0,0,0,1,0,0,0,0,0,0,0,0,0,0,0,0,0
Echinops,22,0,0,0,0,0,0,0,0,0,0,0,0,0,0,0,0,0
Echium,13,0,0,0,0,0,0,0,0,0,0,0,0,0,0,0,0,0
Eclipta,1,0,0,0,0,0,0,0,0,0,0,0,0,0,0,0,0,0
Edraianthus,14,0,0,0,0,0,0,0,0,0,0,0,0,0,0,0,0,0
Ehretia,0,0,0,0,0,0,0,0,0,0,0,0,0,0,0,0,0,0
Eichhornia,0,0,1,0,0,0,0,0,0,0,0,0,0,0,0,0,0,0
Einadia,0,0,0,0,0,0,0,0,0,0,0,0,0,0,0,0,0,0
Elaeagnus,0,0,0,0,0,0,0,0,0,0,0,0,0,0,0,0,0,0
Elaeis,1,0,0,0,0,0,0,0,0,0,0,0,0,0,0,0,0,0
Eleocharis,0,0,0,0,0,0,0,0,0,0,0,0,0,0,0,0,0,0
Eleusine,7,0,3,0,0,0,0,0,0,0,0,0,0,0,0,0,0,0
Elodea,0,0,0,0,0,0,0,0,0,0,0,0,0,0,0,0,0,0
Elymus,0,0,9,0,8,0,1,0,0,0,0,0,0,0,0,0,0,0
Elytrigia,0,0,0,0,2,0,0,0,0,0,0,0,0,0,0,0,0,0
Emblica,0,0,0,0,0,0,0,0,0,0,0,0,0,0,0,0,0,0
Empetrum,1,0,1,0,0,0,0,0,0,0,0,0,0,0,0,0,0,0
Encelia,0,0,0,0,0,0,0,0,0,0,0,0,0,0,0,0,0,0
Encholirium,0,0,0,0,0,0,0,0,0,0,0,0,0,0,0,0,0,0
Endymion,1,0,0,0,0,0,0,0,0,0,0,0,0,0,0,0,0,0
Ensete,1,0,0,0,0,0,0,0,0,0,0,0,0,0,0,0,0,0
Enteropogon,0,0,0,0,0,0,0,0,0,0,0,0,0,0,0,0,0,0
Epidendrum,0,0,0,0,0,0,0,0,0,0,0,0,0,0,0,0,0,0
Epilobium,5,0,1,0,0,0,0,0,0,0,0,0,0,0,0,0,0,0
Epimedium,1,0,0,0,0,0,0,0,0,0,0,0,0,0,0,0,0,0
Epipremnum,0,0,0,0,0,0,0,0,0,0,0,0,0,0,0,0,0,0
Eragrostis,0,0,1,0,0,0,0,0,0,0,0,0,0,0,0,0,0,0
Eranthis,1,0,0,0,0,0,0,0,0,0,0,0,0,0,0,0,0,0
Erechtites,0,0,1,0,0,0,0,0,0,0,0,0,0,0,0,0,0,0
Eremochloa,1,0,0,0,0,0,0,0,0,0,0,0,0,0,0,0,0,0
Eremopyrum,1,0,0,0,0,0,0,0,0,0,0,0,0,0,0,0,0,0
Erianthus,0,0,0,0,1,0,0,0,0,0,0,0,0,0,0,0,0,0
Erica,0,0,0,0,0,0,0,0,0,0,0,0,0,0,0,0,0,0
Erigeron,1,1,0,0,0,0,0,0,0,0,0,0,0,0,0,0,0,0
Eriobotrya,1,0,0,0,0,0,0,0,0,0,0,0,0,0,0,0,0,0
Eriocaulon,0,0,1,0,0,0,0,0,0,0,0,0,0,0,0,0,0,0
Eriophorum,1,0,0,0,0,0,0,0,0,0,0,0,0,0,0,0,0,0
Eruca,1,0,0,0,0,0,0,0,0,0,0,0,0,0,0,0,0,0
Erucastrum,0,0,1,0,0,0,0,0,0,0,0,0,0,0,0,0,0,0
Erycina,0,0,0,0,0,0,0,0,0,0,0,0,0,0,0,0,0,0
Eryngium,3,0,0,0,0,0,0,0,0,0,0,0,0,0,0,0,0,0
Erysimum,0,0,2,0,0,0,0,0,0,0,0,0,0,0,0,0,0,0
Erythrina,12,0,0,0,0,0,0,0,0,0,0,0,0,0,0,0,0,0
Erythrochiton,0,0,0,0,0,0,0,0,0,0,0,0,0,0,0,0,0,0
Erythronium,0,0,1,0,0,0,0,0,0,0,0,0,0,0,0,0,0,0
Escallonia,1,0,0,0,0,0,0,0,0,0,0,0,0,0,0,0,0,0
Eschscholzia,1,0,0,0,0,0,0,0,0,0,0,0,0,0,0,0,0,0
Escobaria,1,0,0,0,0,0,0,0,0,0,0,0,0,0,0,0,0,0
Eucalyptus,12,0,0,0,0,0,0,0,0,0,0,0,0,0,0,0,0,0
Eucharis,0,0,0,0,0,0,0,0,0,0,0,0,0,0,0,0,0,0
Euchlaena,1,0,0,0,0,0,0,0,0,0,0,0,0,0,0,0,0,0
Euclidium,1,0,0,0,0,0,0,0,0,0,0,0,0,0,0,0,0,0
Eucnide,0,0,0,0,0,0,0,0,0,0,0,0,0,0,0,0,0,0
Eucomis,7,0,5,0,0,0,0,0,0,0,0,0,0,0,0,0,0,0
Eucommia,1,0,0,0,0,0,0,0,0,0,0,0,0,0,0,0,0,0
Eugenia,7,0,0,0,0,0,0,0,0,0,0,0,0,0,0,0,0,0
Euonymus,1,0,1,0,0,0,0,0,0,0,0,0,0,0,0,0,0,0
Eupatorium,1,0,0,0,0,0,0,0,0,0,0,0,0,0,0,0,0,0
Euphorbia,14,0,1,0,0,0,0,0,0,0,0,0,0,0,0,0,0,0
Euphrasia,1,0,0,0,0,0,0,0,0,0,0,0,0,0,0,0,0,0
Eupomatia,0,0,0,0,0,0,0,0,0,0,0,0,0,0,0,0,0,0
Euptelea,0,0,0,0,0,0,0,0,0,0,0,0,0,0,0,0,0,0
Euryale,0,0,0,0,0,0,0,0,0,0,0,0,0,0,0,0,0,0
Eustoma,0,0,0,0,0,0,1,0,0,0,0,0,0,0,0,0,0,0
Eustrephus,0,0,0,0,0,0,0,0,0,0,0,0,0,0,0,0,0,0
Eutaxia,0,0,0,0,0,0,0,0,0,0,0,0,0,0,0,0,0,0
Euterpe,1,0,0,0,0,0,0,0,0,0,0,0,0,0,0,0,0,0
Exochorda,1,0,0,0,0,0,0,0,0,0,0,0,0,0,0,0,0,0
Fagara,0,0,0,0,0,0,0,0,0,0,0,0,0,0,0,0,0,0
Fagopyrum,0,0,0,0,0,0,0,0,0,0,0,0,0,0,0,0,0,0
Fagus,1,0,0,0,0,0,0,0,0,0,0,0,0,0,0,0,0,0
Fallopia,4,0,4,0,0,0,0,0,0,0,0,0,0,0,0,0,0,0
Fedia,0,0,4,0,0,0,0,0,0,0,0,0,0,0,0,0,0,0
Ferocactus,0,0,0,0,0,0,0,0,0,0,0,0,0,0,0,0,0,0
Ferraria,0,0,0,0,0,0,0,0,0,0,0,0,0,0,0,0,0,0
Ferula,2,0,0,0,0,0,0,0,0,0,0,0,0,0,0,0,0,0
Festuca,45,0,27,0,24,0,7,0,5,0,0,0,0,0,0,0,0,0
Fibigia,2,0,0,0,0,0,0,0,0,0,0,0,0,0,0,0,0,0
Ficaria,0,0,0,0,0,0,0,0,0,0,0,0,0,0,0,0,0,0
Ficus,13,0,0,0,0,0,0,0,0,0,0,0,0,0,0,0,0,0
Filifolium,1,0,0,0,0,0,0,0,0,0,0,0,0,0,0,0,0,0
Firmiana,0,0,0,0,0,0,0,0,0,0,0,0,0,0,0,0,0,0
Flagellaria,1,0,0,0,0,0,0,0,0,0,0,0,0,0,0,0,0,0
Flemingia,3,0,0,0,0,0,0,0,0,0,0,0,0,0,0,0,0,0
Foeniculum,1,0,0,0,0,0,0,0,0,0,0,0,0,0,0,0,0,0
Forsskaolea,1,0,0,0,0,0,0,0,0,0,0,0,0,0,0,0,0,0
Fortunatia,2,0,0,0,0,0,0,0,0,0,0,0,0,0,0,0,0,0
Fortunella,0,0,1,0,0,0,0,0,0,0,0,0,0,0,0,0,0,0
Fosterella,0,0,0,0,0,0,0,0,0,0,0,0,0,0,0,0,0,0
Fouquieria,0,0,1,0,0,0,0,0,0,0,0,0,0,0,0,0,0,0
Fragaria,2,0,0,0,1,0,2,0,0,0,0,0,0,0,0,0,0,0
Frangula,1,0,0,0,0,0,0,0,0,0,0,0,0,0,0,0,0,0
Frankenia,0,0,0,0,0,0,0,0,0,0,0,0,0,0,0,0,0,0
Fraxinus,2,0,0,0,0,0,0,0,0,0,0,0,0,0,0,0,0,0
Freesia,1,0,0,0,0,0,0,0,0,0,0,0,0,0,0,0,0,0
Freycinetia,0,0,0,0,0,0,0,0,0,0,0,0,0,0,0,0,0,0
Friesodielsia,0,0,0,0,0,0,0,0,0,0,0,0,0,0,0,0,0,0
Fritillaria,37,3,0,0,0,0,0,0,0,0,0,0,0,0,0,0,0,0
Froesiodendron,0,0,0,0,0,0,0,0,0,0,0,0,0,0,0,0,0,0
Fuchsia,9,0,4,0,0,0,0,0,0,0,0,0,0,0,0,0,0,0
Fumaria,0,0,1,0,0,0,0,0,0,0,0,0,0,0,0,0,0,0
Furcraea,0,0,0,0,0,0,0,0,0,0,0,0,0,0,0,0,0,0
Gagea,0,0,0,0,1,0,0,0,0,0,0,0,0,0,0,0,0,0
Galanthus,17,0,0,0,1,0,0,0,0,0,0,0,0,0,0,0,0,0
Galaxia,1,0,0,0,0,0,0,0,0,0,0,0,0,0,0,0,0,0
Galega,1,0,0,0,0,0,0,0,0,0,0,0,0,0,0,0,0,0
Galinsoga,2,0,0,0,0,0,0,0,0,0,0,0,0,0,0,0,0,0
Galium,0,0,4,0,0,0,0,0,0,0,0,0,0,0,0,0,0,0
Galopina,1,0,0,0,0,0,0,0,0,0,0,0,0,0,0,0,0,0
Galtonia,0,0,0,0,0,0,0,0,0,0,0,0,0,0,0,0,0,0
Gardenia,0,0,0,0,0,0,0,0,0,0,0,0,0,0,0,0,0,0
Garrya,1,0,0,0,0,0,0,0,0,0,0,0,0,0,0,0,0,0
Gasteria,20,0,0,0,0,0,0,0,0,0,0,0,0,0,0,0,0,0
Gastrochilus,0,0,0,0,0,0,0,0,0,0,0,0,0,0,0,0,0,0
Gelasine,0,0,0,0,0,0,0,0,0,0,0,0,0,0,0,0,0,0
Gelonium,1,0,0,0,0,0,0,0,0,0,0,0,0,0,0,0,0,0
Genista,3,0,2,0,0,0,0,0,0,0,0,0,0,0,0,0,0,0
Genlisea,0,0,0,0,0,0,0,0,0,0,0,0,0,0,0,0,0,0
Gentiana,0,0,1,0,0,0,0,0,0,0,0,0,0,0,0,0,0,0
Gentianella,0,0,1,0,0,0,0,0,0,0,0,0,0,0,0,0,0,0
Geonoma,1,0,0,0,0,0,0,0,0,0,0,0,0,0,0,0,0,0
Geranium,2,0,0,0,0,0,0,0,0,0,0,0,0,0,0,0,0,0
Gerbera,1,0,0,0,0,0,0,0,0,0,0,0,0,0,0,0,0,0
Gesnouinia,1,0,0,0,0,0,0,0,0,0,0,0,0,0,0,0,0,0
Gethyllis,2,0,0,0,0,0,0,0,0,0,0,0,0,0,0,0,0,0
Gibasis,10,0,0,0,0,0,0,0,0,0,0,0,0,0,0,0,0,0
Gillenia,1,0,0,0,0,0,0,0,0,0,0,0,0,0,0,0,0,0
Gladiolus,1,0,0,0,0,0,0,0,0,0,0,0,0,0,0,0,0,0
Glaucium,1,0,0,0,0,0,0,0,0,0,0,0,0,0,0,0,0,0
Gleditsia,2,0,0,0,0,0,0,0,0,0,0,0,0,0,0,0,0,0
Globularia,1,0,0,0,0,0,0,0,0,0,0,0,0,0,0,0,0,0
Gloriosa,0,0,0,0,0,0,0,0,0,0,0,0,0,0,0,0,0,0
Glyceria,0,0,1,0,1,0,0,0,0,0,0,0,0,0,0,0,0,0
Glycine,14,0,0,0,0,0,0,0,0,0,0,0,0,0,0,0,0,0
Gnidia,0,0,0,0,0,0,0,0,0,0,0,0,0,0,0,0,0,0
Gomesa,0,0,0,0,0,0,0,0,0,0,0,0,0,0,0,0,0,0
Gomidesia,2,0,0,0,0,0,0,0,0,0,0,0,0,0,0,0,0,0
Gonospermum,2,0,0,0,0,0,0,0,0,0,0,0,0,0,0,0,0,0
Goodenia,1,0,0,0,0,0,0,0,0,0,0,0,0,0,0,0,0,0
Goodyera,1,0,0,0,0,0,0,0,0,0,0,0,0,0,0,0,0,0
Gossypioides,3,0,0,0,0,0,0,0,0,0,0,0,0,0,0,0,0,0
Gossypium,39,0,1,0,0,0,0,0,0,0,0,0,0,0,0,0,0,0
Grammatophyllum,0,0,0,0,0,0,0,0,0,0,0,0,0,0,0,0,0,0
Graptopetalum,0,0,0,0,0,0,0,0,0,0,0,0,0,0,0,0,0,0
Greenovia,0,0,2,0,0,0,0,0,0,0,0,0,0,0,0,0,0,0
Grevillea,1,0,0,0,0,0,0,0,0,0,0,0,0,0,0,0,0,0
Guaiacum,0,0,0,0,0,0,0,0,0,0,0,0,0,0,0,0,0,0
Guatteria,0,0,1,0,0,0,0,0,0,0,0,0,0,0,0,0,0,0
Guatteriopsis,0,0,1,0,0,0,0,0,0,0,0,0,0,0,0,0,0,0
Guihaia,1,0,0,0,0,0,0,0,0,0,0,0,0,0,0,0,0,0
Guillenia,0,0,0,0,0,0,0,0,0,0,0,0,0,0,0,0,0,0
Guizotia,6,0,0,0,0,0,0,0,0,0,0,0,0,0,0,0,0,0
Gunnera,1,0,0,0,0,0,0,0,0,0,0,0,0,0,0,0,0,0
Gymnadenia,0,0,0,0,0,0,0,0,0,0,0,0,0,0,0,0,0,0
Gymnostoma,1,0,0,0,0,0,0,0,0,0,0,0,0,0,0,0,0,0
Gynandriris,1,0,0,0,0,0,0,0,0,0,0,0,0,0,0,0,0,0
Gypsophila,1,0,0,0,0,0,0,0,0,0,0,0,0,0,0,0,0,0
Gyrostemon,0,0,0,0,0,0,0,0,0,0,0,0,0,0,0,0,0,0
Habenaria,2,0,0,0,0,0,0,0,0,0,0,0,0,0,0,0,0,0
Haberlea,0,0,0,0,0,0,0,0,0,0,0,0,0,0,0,0,0,0
Hacquetia,0,0,0,0,0,0,0,0,0,0,0,0,0,0,0,0,0,0
Haemanthus,1,0,0,0,0,0,0,0,0,0,0,0,0,0,0,0,0,0
Hakea,0,0,0,0,0,0,0,0,0,0,0,0,0,0,0,0,0,0
Halacsya,0,0,0,0,0,0,0,0,0,0,0,0,0,0,0,0,0,0
Haldina,0,0,1,0,0,0,0,0,0,0,0,0,0,0,0,0,0,0
Halimium,6,0,0,0,0,0,0,0,0,0,0,0,0,0,0,0,0,0
Hamamelis,0,0,0,0,0,0,0,0,0,0,0,0,0,0,0,0,0,0
Hamelia,1,0,0,0,0,0,0,0,0,0,0,0,0,0,0,0,0,0
Hampea,1,0,0,0,0,0,0,0,0,0,0,0,0,0,0,0,0,0
Hanguana,0,0,0,0,0,0,0,0,0,0,0,0,0,0,0,0,0,0
Haplopappus,3,0,0,0,0,0,0,0,0,0,0,0,0,0,0,0,0,0
Haynaldia,1,0,0,0,0,0,0,0,0,0,0,0,0,0,0,0,0,0
Hechtia,1,0,0,0,0,0,0,0,0,0,0,0,0,0,0,0,0,0
Hedera,1,0,1,0,0,0,1,0,0,0,0,0,0,0,0,0,0,0
Hedinia,0,0,0,0,0,0,0,0,0,0,0,0,0,0,0,0,0,0
Hedypnois,0,0,0,0,0,0,0,0,0,0,0,0,0,0,0,0,0,0
Hedysarum,6,0,0,0,0,0,0,0,0,0,0,0,0,0,0,0,0,0
Helcia,0,0,0,0,0,0,0,0,0,0,0,0,0,0,0,0,0,0
Helianthemum,0,0,1,0,0,0,0,0,0,0,0,0,0,0,0,0,0,0
Helianthus,19,0,0,0,1,0,0,0,0,0,0,0,0,0,0,0,0,0
Heliconia,1,0,0,0,0,0,0,0,0,0,0,0,0,0,0,0,0,0
Helictotrichon,1,0,0,0,0,0,0,0,0,0,0,0,0,0,0,0,0,0
Heliophila,0,0,0,0,0,0,0,0,0,0,0,0,0,0,0,0,0,0
Helleborus,14,0,1,0,0,0,0,0,0,0,0,0,0,0,0,0,0,0
Heloniopsis,0,0,0,0,0,0,0,0,0,0,0,0,0,0,0,0,0,0
Hemigyrosa,0,0,0,0,0,0,0,0,0,0,0,0,0,0,0,0,0,0
Hemiphylacus,0,0,0,0,0,0,0,0,0,0,0,0,0,0,0,0,0,0
Hepatica,7,0,3,0,0,0,0,0,0,0,0,0,0,0,0,0,0,0
Heracleum,1,0,0,0,0,0,0,0,0,0,0,0,0,0,0,0,0,0
Herminium,1,0,0,0,0,0,0,0,0,0,0,0,0,0,0,0,0,0
Hermodactylus,0,0,0,0,0,0,0,0,0,0,0,0,0,0,0,0,0,0
Hernandia,0,0,0,0,0,0,0,0,0,0,0,0,0,0,0,0,0,0
Herniaria,1,0,0,0,0,0,0,0,0,0,0,0,0,0,0,0,0,0
Herrania,0,0,0,0,0,0,0,0,0,0,0,0,0,0,0,0,0,0
Hesperaloe,0,0,0,0,0,0,0,0,0,0,0,0,0,0,0,0,0,0
Hesperantha,1,0,0,0,0,0,0,0,0,0,0,0,0,0,0,0,0,0
Hesperis,0,0,1,0,0,0,0,0,0,0,0,0,0,0,0,0,0,0
Hesperoxiphion,3,0,0,0,0,0,0,0,0,0,0,0,0,0,0,0,0,0
Hesperoyucca,0,0,0,0,0,0,0,0,0,0,0,0,0,0,0,0,0,0
Heteranthelium,1,0,0,0,0,0,0,0,0,0,0,0,0,0,0,0,0,0
Hevea,2,0,0,0,0,0,0,0,0,0,0,0,0,0,0,0,0,0
Hexaglottis,1,0,0,0,0,0,0,0,0,0,0,0,0,0,0,0,0,0
Hibbertia,0,0,0,0,0,0,0,0,0,0,0,0,0,0,0,0,0,0
Hibiscus,0,0,0,0,0,0,0,0,0,0,0,0,0,0,0,0,0,0
Hieracium,24,25,15,1,2,1,0,0,0,0,0,0,0,0,0,0,0,0
Hierochloe,0,0,1,0,1,0,0,0,0,0,3,0,0,0,0,0,0,0
Hippeastrum,1,0,0,0,0,0,0,0,0,0,0,0,0,0,0,0,0,0
Hippocrepis,0,0,0,0,0,0,0,0,0,0,0,0,0,0,0,0,0,0
Hippolytia,1,0,0,0,0,0,0,0,0,0,0,0,0,0,0,0,0,0
Hirschfeldia,1,0,0,0,0,0,0,0,0,0,0,0,0,0,0,0,0,0
Hitchenia,0,0,0,0,1,0,0,0,0,0,0,0,0,0,0,0,0,0
Holarrhena,0,0,0,0,0,0,0,0,0,0,0,0,0,0,0,0,0,0
Holcus,1,0,1,0,0,0,0,0,0,0,0,0,0,0,0,0,0,0
Holoptelea,0,0,0,0,0,0,0,0,0,0,0,0,0,0,0,0,0,0
Homalomena,0,0,0,0,0,0,0,0,0,0,0,0,0,0,0,0,0,0
Homeria,2,0,1,0,0,0,0,0,0,0,0,0,0,0,0,0,0,0
Honckenya,0,0,0,0,0,0,0,0,0,0,0,0,0,0,0,0,0,0
Hoodia,0,0,0,0,0,0,0,0,0,0,0,0,0,0,0,0,0,0
Hordeum,27,0,7,0,4,0,0,0,0,0,0,0,0,0,0,0,0,0
Hornungia,2,0,0,0,0,0,0,0,0,0,0,0,0,0,0,0,0,0
Horsfieldia,0,0,0,0,0,0,0,0,0,0,0,0,0,0,0,0,0,0
Hosta,22,0,1,0,0,0,0,0,0,0,0,0,0,0,0,0,0,0
Houttuynia,0,0,0,0,0,0,0,0,0,0,0,0,0,0,0,0,0,0
Howea,0,0,0,0,0,0,0,0,0,0,0,0,0,0,0,0,0,0
Hoya,0,0,0,0,0,0,0,0,0,0,0,0,0,0,0,0,0,0
Humulus,1,0,0,0,0,0,0,0,0,0,0,0,0,0,0,0,0,0
Hunteria,0,0,0,0,0,0,0,0,0,0,0,0,0,0,0,0,0,0
Hura,0,0,1,0,0,0,0,0,0,0,0,0,0,0,0,0,0,0
Hyacinthus,1,0,0,0,0,0,0,0,0,0,0,0,0,0,0,0,0,0
Hydrangea,10,0,0,0,0,0,0,0,0,0,0,0,0,0,0,0,0,0
Hydrastis,0,0,0,0,0,0,0,0,0,0,0,0,0,0,0,0,0,0
Hydrocharis,0,0,0,0,0,0,0,0,0,0,0,0,0,0,0,0,0,0
Hydrocleys,1,0,0,0,0,0,0,0,0,0,0,0,0,0,0,0,0,0
Hydrocotyle,0,0,0,0,0,0,0,0,0,0,0,0,0,0,0,0,0,0
Hygrophila,0,0,0,0,0,0,0,0,0,0,0,0,0,0,0,0,0,0
Hygroryza,1,0,0,0,0,0,0,0,0,0,0,0,0,0,0,0,0,0
Hymenocallis,0,0,0,0,0,0,0,0,0,0,0,0,0,0,0,0,0,0
Hymenodictyon,0,0,1,0,0,0,0,0,0,0,0,0,0,0,0,0,0,0
Hyoscyamus,2,0,1,0,0,0,0,0,0,0,0,0,0,0,0,0,0,0
Hypericum,2,0,3,0,0,0,0,0,0,0,0,0,0,0,0,0,0,0
Hyphaene,0,0,0,0,0,0,0,0,0,0,0,0,0,0,0,0,0,0
Hypochaeris,13,0,0,0,0,0,0,0,0,0,0,0,0,0,0,0,0,0
Hyssopus,1,0,0,0,0,0,0,0,0,0,0,0,0,0,0,0,0,0
Iberis,1,0,0,0,0,0,0,0,0,0,0,0,0,0,0,0,0,0
Ileostylus,1,0,0,0,0,0,0,0,0,0,0,0,0,0,0,0,0,0
Ilex,0,0,2,0,0,0,1,0,0,0,0,0,0,0,0,0,0,0
Illicium,0,0,1,0,0,0,0,0,0,0,0,0,0,0,0,0,0,0
Impatiens,3,0,0,0,0,0,0,0,0,0,0,0,0,0,0,0,0,0
Imperata,1,0,0,0,0,0,0,0,0,0,0,0,0,0,0,0,0,0
Imperatoria,1,0,0,0,0,0,0,0,0,0,0,0,0,0,0,0,0,0
Inga,0,0,0,0,0,0,0,0,0,0,0,0,0,0,0,0,0,0
Inula,2,0,1,0,0,0,0,0,0,0,0,0,0,0,0,0,0,0
Ionopsidium,0,0,1,0,0,0,0,0,0,0,0,0,0,0,0,0,0,0
Ipheion,0,0,0,0,0,0,0,0,0,0,0,0,0,0,0,0,0,0
Ipomoea,15,0,5,0,0,0,0,0,0,0,0,0,0,0,0,0,0,0
Iriartea,0,0,0,0,0,0,0,0,0,0,0,0,0,0,0,0,0,0
Iris,11,0,1,0,0,0,0,0,0,0,0,0,0,0,0,0,0,0
Isachne,0,0,0,0,1,0,0,0,0,0,0,0,0,0,0,0,0,0
Isatis,0,0,0,0,0,0,0,0,0,0,0,0,0,0,0,0,0,0
Isonandra,0,0,0,0,0,0,0,0,0,0,0,0,0,0,0,0,0,0
Isoplexis,0,0,0,0,0,0,2,0,0,0,0,0,0,0,0,0,0,0
Isopyrum,0,0,0,0,0,0,0,0,0,0,0,0,0,0,0,0,0,0
Iva,0,0,1,0,0,0,0,0,0,0,0,0,0,0,0,0,0,0
Ixanthus,0,0,0,0,0,0,0,0,0,0,0,0,0,0,0,0,0,0
Ixiolirion,1,0,0,0,0,0,0,0,0,0,0,0,0,0,0,0,0,0
Ixora,0,0,0,0,0,0,0,0,0,0,0,0,0,0,0,0,0,0
Jacaranda,0,0,0,0,0,0,0,0,0,0,0,0,0,0,0,0,0,0
Jacquinia,1,0,0,0,0,0,0,0,0,0,0,0,0,0,0,0,0,0
Jasminum,0,0,0,0,0,0,0,0,0,0,0,0,0,0,0,0,0,0
Jatropha,1,0,0,0,0,0,0,0,0,0,0,0,0,0,0,0,0,0
Jeffersonia,0,0,0,0,0,0,0,0,0,0,0,0,0,0,0,0,0,0
Joannesia,1,0,0,0,0,0,0,0,0,0,0,0,0,0,0,0,0,0
Johannesteijsmannia,0,0,0,0,0,0,0,0,0,0,0,0,0,0,0,0,0,0
Jubaea,1,0,0,0,0,0,0,0,0,0,0,0,0,0,0,0,0,0
Juglans,0,0,0,0,0,0,0,0,0,0,0,0,0,0,0,0,0,0
Juncus,1,0,2,0,0,0,2,0,0,0,0,0,0,0,0,0,0,0
Jurinea,0,0,0,0,0,0,0,0,0,0,0,0,0,0,0,0,0,0
Justicia,0,0,0,0,0,0,0,0,0,0,0,0,0,0,0,0,0,0
Kadsura,0,0,0,0,0,0,0,0,0,0,0,0,0,0,0,0,0,0
Kaempferia,0,0,0,0,1,0,0,0,0,0,0,0,0,0,0,0,0,0
Kallstroemia,0,0,0,0,0,0,0,0,0,0,0,0,0,0,0,0,0,0
Kaschgaria,1,0,0,0,0,0,0,0,0,0,0,0,0,0,0,0,0,0
Kedrostis,0,0,0,0,0,0,0,0,0,0,0,0,0,0,0,0,0,0
Kelissa,0,0,0,0,0,0,1,0,0,0,0,0,0,0,0,0,0,0
Kernera,1,0,0,0,0,0,0,0,0,0,0,0,0,0,0,0,0,0
Khaya,0,0,0,0,0,0,0,0,0,0,0,0,0,0,0,0,0,0
Kickxia,1,0,0,0,0,0,0,0,0,0,0,0,0,0,0,0,0,0
Kigelia,0,0,0,0,0,0,0,0,0,0,0,0,0,0,0,0,0,0
Kirkia,1,0,0,0,0,0,0,0,0,0,0,0,0,0,0,0,0,0
Kleinia,1,0,0,0,0,0,0,0,0,0,0,0,0,0,0,0,0,0
Knautia,5,0,1,0,1,0,0,0,0,0,0,0,0,0,0,0,0,0
Kniphofia,1,0,0,0,0,0,0,0,0,0,0,0,0,0,0,0,0,0
Kochia,1,0,0,0,0,0,0,0,0,0,0,0,0,0,0,0,0,0
Koeleria,2,0,4,0,0,0,0,0,1,0,1,0,0,0,0,0,0,0
Koelreuteria,0,0,0,0,0,0,0,0,0,0,0,0,0,0,0,0,0,0
Kokia,1,0,0,0,0,0,0,0,0,0,0,0,0,0,0,0,0,0
Krigia,1,0,0,0,0,0,0,0,0,0,0,0,0,0,0,0,0,0
Kydia,0,0,0,0,0,0,0,0,0,0,0,0,0,0,0,0,0,0
Lablab,1,0,0,0,0,0,0,0,0,0,0,0,0,0,0,0,0,0
Laburnum,0,0,2,0,0,0,0,0,0,0,0,0,0,0,0,0,0,0
Lachenalia,0,0,0,0,0,0,0,0,0,0,0,0,0,0,0,0,0,0
Lachnagrostis,0,0,0,0,0,0,3,0,0,0,2,5,0,0,0,0,0,0
Lactuca,23,0,2,0,0,0,0,0,0,0,0,0,0,0,0,0,0,0
Laelia,0,0,0,0,0,0,0,0,0,0,0,0,0,0,0,0,0,0
Lagarosiphon,0,0,0,0,0,0,0,0,0,0,0,0,0,0,0,0,0,0
Lagenaria,2,0,0,0,0,0,0,0,0,0,0,0,0,0,0,0,0,0
Lagerstroemia,0,0,0,0,0,0,0,0,0,0,0,0,0,0,0,0,0,0
Lagurus,1,0,0,0,0,0,0,0,0,0,0,0,0,0,0,0,0,0
Lambertia,0,0,0,0,0,0,0,0,0,0,0,0,0,0,0,0,0,0
Lamiastrum,1,0,0,0,0,0,0,0,0,0,0,0,0,0,0,0,0,0
Lamium,4,0,2,0,0,0,0,0,0,0,0,0,0,0,0,0,0,0
Landoltia,0,0,0,0,0,0,0,0,0,0,0,0,0,0,0,0,0,0
Lannea,1,0,0,0,0,0,0,0,0,0,0,0,0,0,0,0,0,0
Lantana,0,0,0,0,0,0,0,0,0,0,0,0,0,0,0,0,0,0
Lapageria,1,0,0,0,0,0,0,0,0,0,0,0,0,0,0,0,0,0
Lapeirousia,0,0,0,0,0,0,0,0,0,0,0,0,0,0,0,0,0,0
Lapsana,1,0,0,0,0,0,0,0,0,0,0,0,0,0,0,0,0,0
Larrea,3,0,1,0,0,0,0,0,0,0,0,0,0,0,0,0,0,0
Laserpitium,1,0,0,0,0,0,0,0,0,0,0,0,0,0,0,0,0,0
Lasiocephalus,8,0,0,0,0,0,0,0,0,0,0,0,0,0,0,0,0,0
Latania,1,0,0,0,0,0,0,0,0,0,0,0,0,0,0,0,0,0
Lathyrus,47,0,1,0,0,0,0,0,0,0,0,0,0,0,0,0,0,0
Laurus,0,0,0,0,0,0,0,0,0,0,0,0,0,0,0,0,0,0
Lavandula,2,0,0,0,0,0,0,0,0,0,0,0,0,0,0,0,0,0
Lavatera,0,0,0,0,1,0,0,0,0,0,0,0,0,0,0,0,0,0
Lawsonia,0,0,1,0,0,0,0,0,0,0,0,0,0,0,0,0,0,0
Lebronnecia,1,0,0,0,0,0,0,0,0,0,0,0,0,0,0,0,0,0
Ledebouria,0,0,0,0,0,0,0,0,0,0,0,0,0,0,0,0,0,0
Lemna,0,0,1,0,0,0,0,0,0,0,0,0,0,0,0,0,0,0
Lens,2,0,0,0,0,0,0,0,0,0,0,0,0,0,0,0,0,0
Leochilus,1,0,0,0,0,0,0,0,0,0,0,0,0,0,0,0,0,0
Leontodon,5,0,0,0,0,0,0,0,0,0,0,0,0,0,0,0,0,0
Leonurus,0,0,0,0,0,0,0,0,0,0,0,0,0,0,0,0,0,0
Lepidium,0,1,3,0,0,0,0,0,0,0,0,0,0,0,0,0,0,0
Lepidocaryum,1,0,0,0,0,0,0,0,0,0,0,0,0,0,0,0,0,0
Lepidolopsis,1,0,0,0,0,0,0,0,0,0,0,0,0,0,0,0,0,0
Leptocereus,1,0,0,0,0,0,0,0,0,0,0,0,0,0,0,0,0,0
Leucaena,10,0,1,0,0,0,0,0,0,0,0,0,0,0,0,0,0,0
Leucanthemella,1,0,0,0,0,0,0,0,0,0,0,0,0,0,0,0,0,0
Leucanthemopsis,0,0,0,0,0,0,0,0,0,0,0,0,0,0,0,0,0,0
Leucanthemum,6,0,2,0,0,0,1,0,2,0,0,0,0,0,0,0,0,0
Leucojum,1,0,0,0,0,0,0,0,0,0,0,0,0,0,0,0,0,0
Levisticum,1,0,0,0,0,0,0,0,0,0,0,0,0,0,0,0,0,0
Lewisia,0,0,0,0,0,0,0,0,0,0,0,0,0,0,0,0,0,0
Leymus,0,0,7,0,0,0,0,0,0,0,0,0,0,0,0,0,0,0
Licuala,1,0,0,0,0,0,0,0,0,0,0,0,0,0,0,0,0,0
Ligustrum,1,0,0,0,0,0,0,0,0,0,0,0,0,0,0,0,0,0
Lilium,14,0,0,0,0,0,0,0,0,0,0,0,0,0,0,0,0,0
Limnanthes,1,0,0,0,0,0,0,0,0,0,0,0,0,0,0,0,0,0
Limnocharis,1,0,0,0,0,0,0,0,0,0,0,0,0,0,0,0,0,0
Limnophila,0,0,0,0,0,0,0,0,0,0,0,0,0,0,0,0,0,0
Limodorum,0,0,0,0,0,0,0,0,0,0,0,0,0,0,0,0,0,0
Limonium,7,0,1,0,0,0,0,0,0,0,0,0,0,0,0,0,0,0
Linaria,0,0,0,0,0,0,0,0,0,0,0,0,0,0,0,0,0,0
Linum,1,0,0,0,0,0,0,0,0,0,0,0,0,0,0,0,0,0
Liparis,0,0,0,0,0,0,0,0,0,0,0,0,0,0,0,0,0,0
Liriodendron,1,0,0,0,0,0,0,0,0,0,0,0,0,0,0,0,0,0
Liriope,0,0,0,0,1,0,0,0,0,0,0,0,0,0,0,0,0,0
Litchi,0,0,0,0,0,0,0,0,0,0,0,0,0,0,0,0,0,0
Litsea,0,0,0,0,0,0,0,0,0,0,0,0,0,0,0,0,0,0
Livistona,1,0,0,0,0,0,0,0,0,0,0,0,0,0,0,0,0,0
Lobelia,0,0,0,0,0,0,0,0,0,0,0,0,0,0,0,0,0,0
Lobularia,1,0,0,0,0,0,0,0,0,0,0,0,0,0,0,0,0,0
Lockhartia,1,0,0,0,0,0,0,0,0,0,0,0,0,0,0,0,0,0
Lolium,9,0,0,0,0,0,0,0,0,0,0,0,0,0,0,0,0,0
Lomelosia,3,0,1,0,0,0,0,0,0,0,0,0,0,0,0,0,0,0
Lonchocarpus,46,0,0,0,0,0,0,0,0,0,0,0,0,0,0,0,0,0
Lonicera,3,0,0,0,0,0,0,0,0,0,0,0,0,0,0,0,0,0
Loranthus,0,0,0,0,0,0,0,0,0,0,0,0,0,0,0,0,0,0
Lotus,21,0,3,0,0,0,0,0,0,0,0,0,0,0,0,0,0,0
Loxococcus,1,0,0,0,0,0,0,0,0,0,0,0,0,0,0,0,0,0
Ludovia,0,0,0,0,0,0,0,0,0,0,0,0,0,0,0,0,0,0
Ludwigia,0,0,0,0,0,0,0,0,0,0,0,0,0,0,0,0,0,0
Luffa,1,0,0,0,0,0,0,0,0,0,0,0,0,0,0,0,0,0
Lugoa,1,0,0,0,0,0,0,0,0,0,0,0,0,0,0,0,0,0
Lunaria,0,0,0,0,0,0,0,0,0,0,0,0,0,0,0,0,0,0
Lupinus,16,0,0,0,0,0,0,0,0,0,0,0,0,0,0,0,0,0
Luronium,0,0,0,0,0,0,0,0,0,0,0,0,0,0,0,0,0,0
Luzula,5,0,3,0,0,0,0,0,0,0,0,0,0,0,0,0,0,0
Lychnis,1,0,0,0,0,0,0,0,0,0,0,0,0,0,0,0,0,0
Lycianthes,0,0,0,0,0,0,0,0,0,0,0,0,0,0,0,0,0,0
Lycium,3,0,0,0,0,0,0,0,0,0,0,0,0,0,0,0,0,0
Lycopersicon,9,0,0,0,0,0,0,0,0,0,0,0,0,0,0,0,0,0
Lycoris,0,0,0,0,0,0,0,0,0,0,0,0,0,0,0,0,0,0
Lygeum,1,0,0,0,0,0,0,0,0,0,0,0,0,0,0,0,0,0
Lysiana,6,0,0,0,0,0,0,0,0,0,0,0,0,0,0,0,0,0
Lysimachia,1,0,0,0,0,0,0,0,0,0,0,0,0,0,0,0,0,0
Machaeranthera,4,0,0,0,0,0,0,0,0,0,0,0,0,0,0,0,0,0
Macrosolen,1,0,0,0,0,0,0,0,0,0,0,0,0,0,0,0,0,0
Madhuca,0,0,0,0,0,0,0,0,0,0,0,0,0,0,0,0,0,0
Magnolia,1,0,1,0,0,0,0,0,0,0,0,0,0,0,0,0,0,0
Maianthemum,0,0,0,0,0,0,0,0,0,0,0,0,0,0,0,0,0,0
Maireana,0,0,0,0,0,0,0,0,0,0,0,0,0,0,0,0,0,0
Malcolmia,1,0,0,0,0,0,0,0,0,0,0,0,0,0,0,0,0,0
Malus,29,7,3,0,0,0,0,0,0,0,0,0,0,0,0,0,0,0
Malva,1,0,0,0,1,0,0,0,0,0,0,0,0,0,0,0,0,0
Mammillaria,16,0,0,0,0,0,0,0,0,0,0,0,0,0,0,0,0,0
Manfreda (=Agave),0,0,0,0,0,0,0,0,0,0,0,0,0,0,0,0,0,0
Mangifera,0,0,1,0,0,0,0,0,0,0,0,0,0,0,0,0,0,0
Manihot,1,0,0,0,0,0,0,0,0,0,0,0,0,0,0,0,0,0
Maranta,0,0,2,0,0,0,0,0,0,0,0,0,0,0,0,0,0,0
Marcetella,0,0,1,0,0,0,0,0,0,0,0,0,0,0,0,0,0,0
Masoala,1,0,0,0,0,0,0,0,0,0,0,0,0,0,0,0,0,0
Massonia,0,0,0,0,0,0,0,0,0,0,0,0,0,0,0,0,0,0
Matricaria,3,0,0,0,0,0,0,0,0,0,0,0,0,0,0,0,0,0
Matthiola,5,0,0,0,0,0,0,0,0,0,0,0,0,0,0,0,0,0
Mauritia,1,0,0,0,0,0,0,0,0,0,0,0,0,0,0,0,0,0
Mauritiella,1,0,0,0,0,0,0,0,0,0,0,0,0,0,0,0,0,0
Mausolea,1,0,0,0,0,0,0,0,0,0,0,0,0,0,0,0,0,0
Medemia,0,0,0,0,0,0,0,0,0,0,0,0,0,0,0,0,0,0
Medeola,0,0,0,0,0,0,0,0,0,0,0,0,0,0,0,0,0,0
Medicago,3,0,4,0,0,0,0,0,0,0,0,0,0,0,0,0,0,0
Medusagyne,0,0,0,0,0,0,0,0,0,0,0,0,0,0,0,0,0,0
Melaleuca,0,0,0,0,0,0,0,0,0,0,0,0,0,0,0,0,0,0
Melampyrum,0,0,0,0,0,0,0,0,0,0,0,0,0,0,0,0,0,0
Melandrium,1,0,0,0,0,0,0,0,0,0,0,0,0,0,0,0,0,0
Melia,0,0,0,0,0,0,0,0,0,0,0,0,0,0,0,0,0,0
Melianthus,0,0,0,0,0,0,0,0,0,0,0,0,0,0,0,0,0,0
Melica,0,0,0,0,0,0,0,0,0,0,0,0,0,0,0,0,0,0
Melicope,0,0,0,0,0,0,0,0,0,0,0,0,0,0,0,0,0,0
Melilotus,3,0,0,0,0,0,0,0,0,0,0,0,0,0,0,0,0,0
Melissa,0,0,1,0,0,0,0,0,0,0,0,0,0,0,0,0,0,0
Melittis,1,0,0,0,0,0,0,0,0,0,0,0,0,0,0,0,0,0
Mentha,1,0,0,0,0,0,0,0,0,0,0,0,0,0,0,0,0,0
Mercurialis,2,0,1,0,0,0,1,0,0,0,0,0,0,0,0,0,0,0
Merrilliodendron,1,0,0,0,0,0,0,0,0,0,0,0,0,0,0,0,0,0
Mesembryanthemum,0,0,0,0,0,0,0,0,0,0,0,0,0,0,0,0,0,0
Mespilus,1,1,0,0,0,0,0,0,0,0,0,0,0,0,0,0,0,0
Mibora,1,0,0,0,0,0,0,0,0,0,0,0,0,0,0,0,0,0
Microlaena,0,0,4,0,0,0,0,0,0,0,0,0,0,0,0,0,0,0
Micromeria,0,0,0,0,0,0,0,0,0,0,0,0,0,0,0,0,0,0
Microseris,9,0,0,0,0,0,0,0,0,0,0,0,0,0,0,0,0,0
Microstylis,0,0,0,0,0,0,0,0,0,0,0,0,0,0,0,0,0,0
Microtea,1,0,0,0,0,0,0,0,0,0,0,0,0,0,0,0,0,0
Milium,1,0,2,0,0,0,0,0,0,0,0,0,0,0,0,0,0,0
Millettia,0,0,0,0,0,0,0,0,0,0,0,0,0,0,0,0,0,0
Miltonia,0,0,0,0,0,0,0,0,0,0,0,0,0,0,0,0,0,0
Mimosa,1,0,1,0,0,0,0,0,0,0,0,0,0,0,0,0,0,0
Mimulus,0,0,1,0,0,0,0,0,0,0,0,0,0,0,0,0,0,0
Mimusops,0,0,0,0,0,0,0,0,0,0,0,0,0,0,0,0,0,0
Minthostachys,1,0,0,0,0,0,0,0,0,0,0,0,0,0,0,0,0,0
Minuartia,1,0,0,0,0,0,0,0,0,0,0,0,0,0,0,0,0,0
Mirabilis,0,0,0,0,0,0,0,0,0,0,0,0,0,0,0,0,0,0
Miscanthus,1,1,1,0,0,0,0,0,0,0,0,0,0,0,0,0,0,0
Mitragyna,0,0,1,0,0,0,0,0,0,0,0,0,0,0,0,0,0,0
Mitriostigma,1,0,0,0,0,0,0,0,0,0,0,0,0,0,0,0,0,0
Molinia,0,0,1,0,0,0,0,0,0,0,0,0,0,0,0,0,0,0
Mollinedia,0,0,0,0,0,0,0,0,0,0,0,0,0,0,0,0,0,0
Moltkia,1,0,0,0,0,0,0,0,0,0,0,0,0,0,0,0,0,0
Momordica,1,0,0,0,0,0,0,0,0,0,0,0,0,0,0,0,0,0
Monanthes,0,0,4,0,0,0,1,0,0,0,0,0,0,0,0,0,0,0
Monocostus,0,0,0,0,0,0,0,0,0,0,0,0,0,0,0,0,0,0
Monodora,0,0,0,0,0,0,0,0,0,0,0,0,0,0,0,0,0,0
Monstera,0,0,0,0,0,0,0,0,0,0,0,0,0,0,0,0,0,0
Montia,2,0,0,0,0,0,0,0,0,0,0,0,0,0,0,0,0,0
Montinia,1,0,0,0,0,0,0,0,0,0,0,0,0,0,0,0,0,0
Moraea,8,0,2,0,0,0,0,0,0,0,0,0,0,0,0,0,0,0
Moricandia,0,0,0,0,0,0,0,0,0,0,0,0,0,0,0,0,0,0
Morina,1,0,0,0,0,0,0,0,0,0,0,0,0,0,0,0,0,0
Morinda,1,0,0,0,0,0,0,0,0,0,0,0,0,0,0,0,0,0
Moringa,0,0,0,0,0,0,0,0,0,0,0,0,0,0,0,0,0,0
Morisia,1,0,0,0,0,0,0,0,0,0,0,0,0,0,0,0,0,0
Morus,0,0,0,0,0,0,0,0,0,0,0,0,0,0,0,0,0,0
Muellerina,2,0,0,0,0,0,0,0,0,0,0,0,0,0,0,0,0,0
Murraya,3,0,0,0,0,0,0,0,0,0,0,0,0,0,0,0,0,0
Musa,12,0,0,0,0,0,0,0,0,0,0,0,0,0,0,0,0,0
Muscari,4,0,0,0,0,0,0,0,0,0,0,0,0,0,0,0,0,0
Musschia,0,0,1,0,0,0,0,0,0,0,0,0,0,0,0,0,0,0
Myagrum,1,0,0,0,0,0,0,0,0,0,0,0,0,0,0,0,0,0
Mycelis,1,0,0,0,0,0,0,0,0,0,0,0,0,0,0,0,0,0
Myoporum,0,0,0,0,0,0,1,0,0,0,0,0,0,0,0,0,0,0
Myosotis,0,0,0,0,0,0,0,0,0,0,0,0,0,0,0,0,0,0
Myosurus,1,0,0,0,0,0,0,0,0,0,0,0,0,0,0,0,0,0
Myrciaria,1,0,0,0,0,0,0,0,0,0,0,0,0,0,0,0,0,0
Myrica,0,0,0,0,0,0,0,0,0,0,0,0,0,0,0,0,0,0
Myriophyllum,1,0,1,0,0,0,0,0,0,0,0,0,0,0,0,0,0,0
Myristica,0,0,0,0,0,0,0,0,0,0,0,0,0,0,0,0,0,0
Myrmecodia,0,0,0,0,0,0,0,0,0,0,0,0,0,0,0,0,0,0
Myrrhis,1,0,0,0,0,0,0,0,0,0,0,0,0,0,0,0,0,0
Myrsine,0,0,0,0,0,0,0,0,0,0,0,0,0,0,0,0,0,0
Myzorrhiza,0,0,2,0,0,0,0,0,0,0,0,0,0,0,0,0,0,0
Nandina,1,0,0,0,0,0,0,0,0,0,0,0,0,0,0,0,0,0
Narcissus,31,0,4,0,2,0,0,0,0,0,0,0,0,0,0,0,0,0
Nardostachys,0,0,0,0,0,0,0,0,0,0,0,0,0,0,0,0,0,0
Nardus,1,0,0,0,0,0,0,0,0,0,0,0,0,0,0,0,0,0
Narthecium,1,0,0,0,0,0,0,0,0,0,0,0,0,0,0,0,0,0
Nasturtium,0,0,1,0,1,0,1,0,0,0,0,0,0,0,0,0,0,0
Nauclea,0,0,0,0,0,0,1,0,0,0,0,0,0,0,0,0,0,0
Nauplius,2,0,0,0,0,0,0,0,0,0,0,0,0,0,0,0,0,0
Navarretia,1,0,0,0,0,0,0,0,0,0,0,0,0,0,0,0,0,0
Navia,0,0,0,0,0,0,0,0,0,0,0,0,0,0,0,0,0,0
Nectaroscordum,0,0,0,0,0,0,0,0,0,0,0,0,0,0,0,0,0,0
Neillia,1,0,0,0,0,0,0,0,0,0,0,0,0,0,0,0,0,0
Nelumbo,2,0,0,0,0,0,0,0,0,0,0,0,0,0,0,0,0,0
Nemophila,1,0,0,0,0,0,0,0,0,0,0,0,0,0,0,0,0,0
Nenax,2,0,0,0,0,0,0,0,0,0,0,0,0,0,0,0,0,0
Neobuxbaumia,0,0,0,0,0,0,0,0,0,0,0,0,0,0,0,0,0,0
Neochamaelea,0,0,1,0,0,0,0,0,0,0,0,0,0,0,0,0,0,0
Neofinetia,0,0,0,0,0,0,0,0,0,0,0,0,0,0,0,0,0,0
Neopallasia,1,0,0,0,0,0,0,0,0,0,0,0,0,0,0,0,0,0
Neotorularia,0,0,0,0,0,0,0,0,0,0,0,0,0,0,0,0,0,0
Neottia,0,0,0,0,0,0,0,0,0,0,0,0,0,0,0,0,0,0
Nepenthes,0,0,0,0,0,0,0,0,0,0,0,0,0,0,0,0,0,0
Nepeta,1,0,0,0,0,0,0,0,0,0,0,0,0,0,0,0,0,0
Nerine,23,0,0,0,0,0,0,0,0,0,0,0,0,0,0,0,0,0
Nertera,0,0,1,0,0,0,0,0,0,0,0,0,0,0,0,0,0,0
Neslia,1,0,0,0,0,0,0,0,0,0,0,0,0,0,0,0,0,0
Neviusia,1,0,0,0,0,0,0,0,0,0,0,0,0,0,0,0,0,0
Nicotiana,34,0,21,0,0,0,0,0,0,0,0,0,0,0,0,0,0,0
Nigella,2,0,0,0,0,0,0,0,0,0,0,0,0,0,0,0,0,0
Nipponanthemum,1,0,0,0,0,0,0,0,0,0,0,0,0,0,0,0,0,0
Noccaea,1,0,0,0,0,0,0,0,0,0,0,0,0,0,0,0,0,0
Nolina,1,0,0,0,0,0,0,0,0,0,0,0,0,0,0,0,0,0
Nopalea,1,0,0,0,0,0,0,0,0,0,0,0,0,0,0,0,0,0
Normanbya,0,0,0,0,0,0,0,0,0,0,0,0,0,0,0,0,0,0
Notholirion,1,0,0,0,0,0,0,0,0,0,0,0,0,0,0,0,0,0
Nothoscordum,1,0,0,0,0,0,0,0,0,0,0,0,0,0,0,0,0,0
Notylia,1,0,0,0,0,0,0,0,0,0,0,0,0,0,0,0,0,0
Nuphar,0,0,0,0,0,0,0,0,0,0,0,0,0,0,0,0,0,0
Nuytsia,1,0,0,0,0,0,0,0,0,0,0,0,0,0,0,0,0,0
Nyctanthes,0,0,0,0,0,0,0,0,0,0,0,0,0,0,0,0,0,0
Nymphaea,0,0,0,0,0,0,0,0,0,0,0,0,0,0,0,0,0,0
Nymphoides,0,0,0,0,0,0,0,0,0,0,0,0,0,0,0,0,0,0
Nypa,1,0,0,0,0,0,0,0,0,0,0,0,0,0,0,0,0,0
Ochna,0,0,0,0,0,0,0,0,0,0,0,0,0,0,0,0,0,0
Ocotea,0,0,1,0,0,0,0,0,0,0,0,0,0,0,0,0,0,0
Odontites,1,0,0,0,0,0,0,0,0,0,0,0,0,0,0,0,0,0
Odontoglossum,0,0,0,0,0,0,0,0,0,0,0,0,0,0,0,0,0,0
Odontostomum,1,0,0,0,0,0,0,0,0,0,0,0,0,0,0,0,0,0
Oenanthe,2,0,0,0,0,0,0,0,0,0,0,0,0,0,0,0,0,0
Oenocarpus,1,0,0,0,0,0,0,0,0,0,0,0,0,0,0,0,0,0
Oenothera,3,0,0,0,0,0,0,0,0,0,0,0,0,0,0,0,0,0
Olea,6,0,1,0,0,0,0,0,0,0,0,0,0,0,0,0,0,0
Olearia,0,0,0,0,0,0,0,0,0,0,0,0,0,0,0,0,0,0
Olimarabidopsis,0,0,1,0,1,0,0,0,0,0,0,0,0,0,0,0,0,0
Olneya,0,0,0,0,0,0,0,0,0,0,0,0,0,0,0,0,0,0
Oncidium,5,0,1,0,0,0,0,0,0,0,0,0,0,0,0,0,0,0
Onobrychis,0,0,1,0,0,0,0,0,0,0,0,0,0,0,0,0,0,0
Onopordum,1,0,0,0,0,0,0,0,0,0,0,0,0,0,0,0,0,0
Onosma,4,0,0,0,0,0,0,0,0,0,0,0,0,0,0,0,0,0
Ophiopogon,0,0,0,0,0,0,0,0,0,0,0,0,0,0,0,0,0,0
Oplismenus,0,0,0,0,1,0,0,0,0,0,0,0,0,0,0,0,0,0
Opuntia,0,0,0,0,1,0,1,0,0,0,0,0,0,0,0,0,0,0
Orchidantha,0,0,0,0,0,0,0,0,0,0,0,0,0,0,0,0,0,0
Orchis,0,0,0,0,0,0,0,0,0,0,0,0,0,0,0,0,0,0
Origanum,0,1,0,0,0,0,0,0,0,0,0,0,0,0,0,0,0,0
Ornithogalum,1,0,0,0,0,0,0,0,0,0,0,0,0,0,0,0,0,0
Orobanche,17,0,4,0,0,0,0,0,0,0,0,0,0,0,0,0,0,0
Orontium,0,0,0,0,0,0,0,0,0,0,0,0,0,0,0,0,0,0
Oropetium,1,0,1,0,0,0,0,0,0,0,0,0,0,0,0,0,0,0
Orthophytum,1,0,0,0,0,0,0,0,0,0,0,0,0,0,0,0,0,0
Orychophragmus,1,0,0,0,0,0,0,0,0,0,0,0,0,0,0,0,0,0
Oryza,15,0,5,0,0,0,0,0,0,0,0,0,0,0,0,0,0,0
Osmaronia,1,0,0,0,0,0,0,0,0,0,0,0,0,0,0,0,0,0
Ostrya,0,0,0,0,0,0,0,0,0,0,0,0,0,0,0,0,0,0
Otochilus,0,0,0,0,0,0,0,0,0,0,0,0,0,0,0,0,0,0
Oxalis,44,0,6,0,1,0,1,0,0,0,0,0,0,0,0,0,0,0
Oxybaphus,0,0,0,0,1,0,0,0,0,0,0,0,0,0,0,0,0,0
Oxytropis,0,0,0,0,0,0,0,0,0,0,0,0,0,0,0,0,0,0
Pachycladon,0,0,0,0,0,0,0,0,0,0,0,0,0,0,0,0,0,0
Pachysandra,0,0,0,0,0,0,0,0,0,0,0,0,0,0,0,0,0,0
Paederia,0,0,1,0,0,0,0,0,0,0,0,0,0,0,0,0,0,0
Paeonia,14,0,8,0,0,0,0,0,0,0,0,0,0,0,0,0,0,0
Paliurus,1,0,0,0,0,0,0,0,0,0,0,0,0,0,0,0,0,0
Pancicia,0,0,0,0,0,0,0,0,0,0,0,0,0,0,0,0,0,0
Pancratium,0,0,0,0,0,0,0,0,0,0,0,0,0,0,0,0,0,0
Pandanus,1,0,0,0,0,0,0,0,0,0,0,0,0,0,0,0,0,0
Panicum,1,0,2,0,2,0,0,0,0,0,0,0,0,0,0,0,0,0
Papaver,20,0,0,0,1,0,0,0,0,0,0,0,0,0,0,0,0,0
Paphiopedilum,19,0,0,0,0,0,0,0,0,0,0,0,0,0,0,0,0,0
Paracalyx,1,0,0,0,0,0,0,0,0,0,0,0,0,0,0,0,0,0
Paracautleya,0,0,0,0,1,0,0,0,0,0,0,0,0,0,0,0,0,0
Paradisea,0,0,0,0,0,0,0,0,0,0,0,0,0,0,0,0,0,0
Parapholis,0,0,0,0,0,0,0,0,0,0,0,0,0,0,0,0,0,0
Parietaria,0,0,0,0,0,0,0,0,0,0,0,0,0,0,0,0,0,0
Paris,0,0,0,0,0,0,1,0,0,0,0,0,0,0,0,0,0,0
Parkinsonia,1,0,0,0,0,0,0,0,0,0,0,0,0,0,0,0,0,0
Parmentiera,0,0,0,0,0,0,0,0,0,0,0,0,0,0,0,0,0,0
Parnassia,0,0,0,0,0,0,0,0,0,0,0,0,0,0,0,0,0,0
Parolinia,1,0,0,0,0,0,0,0,0,0,0,0,0,0,0,0,0,0
Paronychia,0,0,1,0,0,0,0,0,0,0,0,0,0,0,0,0,0,0
Parrya,1,0,0,0,0,0,0,0,0,0,0,0,0,0,0,0,0,0
Parthenocissus,1,0,0,0,0,0,0,0,0,0,0,0,0,0,0,0,0,0
Paspalum,5,0,5,0,1,0,0,0,0,0,0,0,0,0,0,0,0,0
Passiflora,17,0,2,0,0,0,0,0,0,0,0,0,0,0,0,0,0,0
Pastinaca,1,0,0,0,0,0,0,0,0,0,0,0,0,0,0,0,0,0
Patrinia,0,0,0,0,0,0,0,0,0,0,0,0,0,0,0,0,0,0
Paullinia,0,0,0,0,0,0,0,0,0,0,0,0,0,0,0,0,0,0
Paulownia,0,0,0,0,0,0,0,0,0,0,0,0,0,0,0,0,0,0
Pavetta,0,0,1,0,0,0,0,0,0,0,0,0,0,0,0,0,0,0
Pedicularis,0,0,0,0,0,0,0,0,0,0,0,0,0,0,0,0,0,0
Pelargonium,0,0,0,0,0,0,0,0,0,0,0,0,0,0,0,0,0,0
Peltaria,2,0,0,0,0,0,0,0,0,0,0,0,0,0,0,0,0,0
Peltophorum,0,0,0,0,0,0,0,0,0,0,0,0,0,0,0,0,0,0
Pennisetum,8,1,7,0,1,0,0,0,0,0,0,0,0,0,0,0,0,0
Penstemon,94,0,5,0,1,0,1,0,0,0,1,0,0,0,0,0,0,0
Peperomia,4,1,1,0,1,0,0,0,0,0,0,0,0,0,0,0,0,0
Peraxilla,2,0,0,0,0,0,0,0,0,0,0,0,0,0,0,0,0,0
Pereskia,1,0,0,0,0,0,0,0,0,0,0,0,0,0,0,0,0,0
Periballia,1,0,0,0,0,0,0,0,0,0,0,0,0,0,0,0,0,0
Pericallis,0,0,0,0,8,0,0,0,0,0,0,0,0,0,0,0,0,0
Periploca,1,0,0,0,0,0,0,0,0,0,0,0,0,0,0,0,0,0
Peristeria,0,0,0,0,0,0,0,0,0,0,0,0,0,0,0,0,0,0
Persea,2,0,0,0,0,0,0,0,0,0,0,0,0,0,0,0,0,0
Petasites,1,0,0,0,0,0,0,0,0,0,0,0,0,0,0,0,0,0
Petrorhagia,1,0,0,0,0,0,0,0,0,0,0,0,0,0,0,0,0,0
Petroselinum,0,0,0,0,0,0,0,0,0,0,0,0,0,0,0,0,0,0
Petteria,0,0,0,0,0,0,0,0,0,0,0,0,0,0,0,0,0,0
Petunia,25,0,0,0,0,0,0,0,0,0,0,0,0,0,0,0,0,0
Peucedanum,1,0,0,0,0,0,0,0,0,0,0,0,0,0,0,0,0,0
Phagnalon,1,0,0,0,0,0,0,0,0,0,0,0,0,0,0,0,0,0
Phaiophleps,1,0,0,0,0,0,0,0,0,0,0,0,0,0,0,0,0,0
Phaius,0,0,0,0,0,0,0,0,0,0,0,0,0,0,0,0,0,0
Phalacroseris,1,0,0,0,0,0,0,0,0,0,0,0,0,0,0,0,0,0
Phalaenopsis,19,0,0,0,0,0,0,0,0,0,0,0,0,0,0,0,0,0
Phalaris,7,0,5,0,0,0,0,0,0,0,0,0,0,0,0,0,0,0
Phaseolus,35,0,0,0,0,0,0,0,0,0,0,0,0,0,0,0,0,0
Phelipanche,14,0,0,0,0,0,0,0,0,0,0,0,0,0,0,0,0,0
Phelypaea,2,0,0,0,0,0,0,0,0,0,0,0,0,0,0,0,0,0
Philodendron,0,0,0,0,0,0,0,0,0,0,0,0,0,0,0,0,0,0
Phleum,3,0,1,0,1,0,0,0,0,0,0,0,0,0,0,0,0,0
Phlomis,0,0,0,0,0,0,0,0,0,0,0,0,0,0,0,0,0,0
Phoenix,5,0,0,0,0,0,0,0,0,0,0,0,0,0,0,0,0,0
Pholidota,0,0,0,0,0,0,0,0,0,0,0,0,0,0,0,0,0,0
Phormium,1,0,0,0,0,0,0,0,0,0,0,0,0,0,0,0,0,0
Photinea,0,0,0,0,0,0,0,0,0,0,0,0,0,0,0,0,0,0
Phragmipedium,4,0,0,0,0,0,0,0,0,0,0,0,0,0,0,0,0,0
Phragmites,1,0,0,0,0,0,0,0,0,0,0,0,0,0,0,0,0,0
Phyllanthus,1,0,0,0,0,0,0,0,0,0,0,0,0,0,0,0,0,0
Phyllis,2,0,0,0,0,0,0,0,0,0,0,0,0,0,0,0,0,0
Phyllostachys,0,0,0,0,0,0,0,0,0,0,0,0,0,0,0,0,0,0
Phyllota,0,0,0,0,0,0,0,0,0,0,0,0,0,0,0,0,0,0
Phyodina,0,0,2,0,0,0,0,0,0,0,0,0,0,0,0,0,0,0
Physaria,0,0,0,0,0,0,0,0,0,0,0,0,0,0,0,0,0,0
Physocarpus,2,0,0,0,0,0,0,0,0,0,0,0,0,0,0,0,0,0
Physorhynchus,1,0,0,0,0,0,0,0,0,0,0,0,0,0,0,0,0,0
Phytelephas,2,0,0,0,0,0,0,0,0,0,0,0,0,0,0,0,0,0
Phyteuma,1,0,0,0,0,0,0,0,0,0,0,0,0,0,0,0,0,0
Phytolacca,0,0,4,0,0,0,2,0,0,0,0,0,0,0,0,0,0,0
Picris,2,0,0,0,0,0,0,0,0,0,0,0,0,0,0,0,0,0
Picrorhiza,0,0,1,0,0,0,0,0,0,0,0,0,0,0,0,0,0,0
Pillansia,0,0,1,0,0,0,0,0,0,0,0,0,0,0,0,0,0,0
Pilosella,1,0,0,0,0,0,0,0,0,0,0,0,0,0,0,0,0,0
Pilosocereus,0,0,0,0,1,0,0,0,0,0,0,0,0,0,0,0,0,0
Pimelea,0,0,0,0,0,0,0,0,0,0,0,0,0,0,0,0,0,0
Pimenta,2,0,0,0,0,0,0,0,0,0,0,0,0,0,0,0,0,0
Pimpinella,3,0,0,0,0,0,0,0,0,0,0,0,0,0,0,0,0,0
Pinanga,3,0,0,0,0,0,0,0,0,0,0,0,0,0,0,0,0,0
Pinellia,0,0,0,0,0,0,0,0,0,0,0,0,0,0,0,0,0,0
Pinguicula,1,0,0,0,0,0,0,0,0,0,0,0,0,0,0,0,0,0
Pintoa,1,0,0,0,0,0,0,0,0,0,0,0,0,0,0,0,0,0
Piper,3,0,6,0,0,0,0,0,0,0,0,0,0,0,0,0,0,0
Piptocalyx,1,0,0,0,0,0,0,0,0,0,0,0,0,0,0,0,0,0
Pistacia,0,0,0,0,0,0,0,0,0,0,0,0,0,0,0,0,0,0
Pistia,1,0,0,0,0,0,0,0,0,0,0,0,0,0,0,0,0,0
Pisum,5,0,0,0,0,0,0,0,0,0,0,0,0,0,0,0,0,0
Pitcairnia,1,0,0,0,0,0,0,0,0,0,0,0,0,0,0,0,0,0
Pittosporum,1,0,0,0,0,0,0,0,0,0,0,0,0,0,0,0,0,0
Planchonella,1,0,0,0,0,0,0,0,0,0,0,0,0,0,0,0,0,0
Plantago,17,0,3,0,1,0,0,0,0,0,0,0,0,0,0,0,0,0
Platanthera,1,0,0,0,0,0,0,0,0,0,0,0,0,0,0,0,0,0
Platanus,1,0,0,0,0,0,0,0,0,0,0,0,0,0,0,0,0,0
Pleione,0,0,0,0,0,0,0,0,0,0,0,0,0,0,0,0,0,0
Plocama,0,0,1,0,0,0,0,0,0,0,0,0,0,0,0,0,0,0
Poa,3,0,26,0,0,0,0,0,0,0,1,0,0,2,0,0,0,1
Podophyllum,0,0,0,0,0,0,0,0,0,0,0,0,0,0,0,0,0,0
Poellnitzia,1,0,0,0,0,0,0,0,0,0,0,0,0,0,0,0,0,0
Polianthes,0,0,0,0,0,0,0,0,0,0,0,0,0,0,0,0,0,0
Polyalthia,2,0,0,0,0,0,0,0,0,0,0,0,0,0,0,0,0,0
Polycarpaea,4,0,0,0,0,0,0,0,0,0,0,0,0,0,0,0,0,0
Polygala,1,0,1,0,0,0,0,0,0,0,0,0,0,0,0,0,0,0
Polygonatum,1,0,0,0,0,0,0,0,0,0,0,0,0,0,0,0,0,0
Polygonum,2,0,2,0,0,0,0,0,0,0,0,0,0,0,0,0,0,0
Polylepis,6,0,4,0,0,0,1,0,0,0,0,0,0,0,0,0,0,0
Poncirus,1,0,0,0,0,0,0,0,0,0,0,0,0,0,0,0,0,0
Pongamia,0,0,0,0,0,0,0,0,0,0,0,0,0,0,0,0,0,0
Pontederia,1,0,0,0,0,0,0,0,0,0,0,0,0,0,0,0,0,0
Populus,2,0,0,0,0,0,0,0,0,0,0,0,0,0,0,0,0,0
Portenschlagiella,0,0,0,0,0,0,0,0,0,0,0,0,0,0,0,0,0,0
Portulaca,0,0,0,0,0,0,0,0,0,0,0,0,0,0,0,0,0,0
Posidonia,1,0,0,0,0,0,0,0,0,0,0,0,0,0,0,0,0,0
Potamogeton,0,0,0,0,0,0,0,0,0,0,0,0,0,0,0,0,0,0
Potentilla,0,0,2,0,1,0,0,0,0,0,0,0,0,0,0,0,0,0
Pratia,1,0,1,0,1,0,0,0,2,0,0,0,0,0,0,0,0,0
Premna,1,0,0,0,0,0,0,0,0,0,0,0,0,0,0,0,0,0
Primula,2,0,0,0,0,0,0,0,0,0,0,0,0,0,0,0,0,0
Prinsepia,0,0,1,0,0,0,0,0,0,0,0,0,0,0,0,0,0,0
Pritzelago,0,0,0,0,0,0,0,0,0,0,0,0,0,0,0,0,0,0
Proboscidea,0,0,0,0,0,0,0,0,0,0,0,0,0,0,0,0,0,0
Prosartes,1,0,0,0,0,0,0,0,0,0,0,0,0,0,0,0,0,0
Prosopis,8,0,0,0,0,0,0,0,0,0,0,0,0,0,0,0,0,0
Prospero,1,0,0,0,1,0,0,0,0,0,0,0,0,0,0,0,0,0
Protium,0,0,0,0,0,0,0,0,0,0,0,0,0,0,0,0,0,0
Protoedraianthus,0,0,0,0,0,0,0,0,0,0,0,0,0,0,0,0,0,0
Prunella,1,0,0,0,0,0,0,0,0,0,0,0,0,0,0,0,0,0
Prunus,15,0,4,0,1,0,0,0,0,0,0,0,0,0,0,0,0,0
Psathyrostachys,3,0,0,0,0,0,0,0,0,0,0,0,0,0,0,0,0,0
Psephellus,1,0,0,0,0,0,0,0,0,0,0,0,0,0,0,0,0,0
Pseudobombax,0,0,0,0,0,0,0,0,0,0,0,0,0,0,0,0,0,0
Pseudolobivia,0,0,0,0,0,0,0,0,0,0,0,0,0,0,0,0,0,0
Pseudophoenix,1,0,0,0,0,0,0,0,0,0,0,0,0,0,0,0,0,0
Pseudoroegneria,4,0,1,0,0,0,0,0,0,0,0,0,0,0,0,0,0,0
Pseudoturritis,1,0,0,0,0,0,0,0,0,0,0,0,0,0,0,0,0,0
Psidium,1,0,2,0,0,0,0,0,0,0,0,0,0,0,0,0,0,0
Psilanthus,1,0,0,0,0,0,0,0,0,0,0,0,0,0,0,0,0,0
Psophocarpus,1,0,0,0,0,0,0,0,0,0,0,0,0,0,0,0,0,0
Psychine,0,0,0,0,0,0,0,0,0,0,0,0,0,0,0,0,0,0
Psychotria,0,0,0,0,0,0,0,0,0,0,0,0,0,0,0,0,0,0
Psygmorchis,0,0,0,0,0,0,0,0,0,0,0,0,0,0,0,0,0,0
Ptelea,0,0,0,0,0,0,0,0,0,0,0,0,0,0,0,0,0,0
Pterocephalus,3,0,0,0,0,0,0,0,0,0,0,0,0,0,0,0,0,0
Pterospartum,0,0,0,0,0,0,0,0,0,0,0,0,0,0,0,0,0,0
Pterospermum,0,0,0,0,0,0,0,0,0,0,0,0,0,0,0,0,0,0
Pterostyrax,1,0,0,0,0,0,0,0,0,0,0,0,0,0,0,0,0,0
Ptilotrichum,0,0,0,0,0,0,0,0,0,0,0,0,0,0,0,0,0,0
Ptilotus,0,0,0,0,0,0,0,0,0,0,0,0,0,0,0,0,0,0
Puccinellia,1,0,0,0,2,0,0,0,0,0,0,0,0,0,0,0,0,0
Pueraria,1,0,0,0,0,0,0,0,0,0,0,0,0,0,0,0,0,0
Pulmonaria,0,0,0,0,0,0,0,0,0,0,0,0,0,0,0,0,0,0
Pulsatilla,4,0,0,0,0,0,0,0,0,0,0,0,0,0,0,0,0,0
Pultenaea,0,0,0,0,0,0,0,0,0,0,0,0,0,0,0,0,0,0
Punica,1,0,0,0,0,0,0,0,0,0,0,0,0,0,0,0,0,0
Puschkinia,1,0,0,0,0,0,0,0,0,0,0,0,0,0,0,0,0,0
Putoria,1,0,0,0,0,0,0,0,0,0,0,0,0,0,0,0,0,0
Putranjiva,0,0,0,0,0,0,0,0,0,0,0,0,0,0,0,0,0,0
Puya,0,0,0,0,0,0,0,0,0,0,0,0,0,0,0,0,0,0
Pyracantha,1,0,0,0,0,0,0,0,0,0,0,0,0,0,0,0,0,0
Pyrrhanthera,0,0,0,0,0,0,0,0,0,0,0,0,0,0,0,0,1,0
Pyrrhopappus,2,0,0,0,0,0,0,0,0,0,0,0,0,0,0,0,0,0
Pyrus,2,0,0,0,0,0,0,0,0,0,0,0,0,0,0,0,0,0
Quercus,8,0,0,0,0,0,0,0,0,0,0,0,0,0,0,0,0,0
Quillaja,0,0,0,0,0,0,0,0,0,0,0,0,0,0,0,0,0,0
Ramonda,2,0,0,0,1,0,0,0,0,0,0,0,0,0,0,0,0,0
Ranunculus,49,0,27,1,11,0,5,0,0,0,0,0,0,1,0,0,0,0
Raphanus,1,0,0,0,0,0,0,0,0,0,0,0,0,0,0,0,0,0
Ravenea,4,0,0,0,0,0,0,0,0,0,0,0,0,0,0,0,0,0
Rebutia,0,0,0,0,0,0,0,0,0,0,0,0,0,0,0,0,0,0
Reichardia,7,0,0,0,0,0,0,0,0,0,0,0,0,0,0,0,0,0
Reineckea,0,0,0,0,0,0,0,0,0,0,0,0,0,0,0,0,0,0
Remusatia,0,0,0,0,0,0,0,0,0,0,0,0,0,0,0,0,0,0
Reseda,1,0,0,0,0,0,0,0,0,0,0,0,0,0,0,0,0,0
Retama,3,0,0,0,0,0,0,0,0,0,0,0,0,0,0,0,0,0
Rhamnus,6,0,0,0,0,0,0,0,0,0,0,0,0,0,0,0,0,0
Rhapidophora,0,0,0,0,0,0,0,0,0,0,0,0,0,0,0,0,0,0
Rhapis,0,0,0,0,0,0,0,0,0,0,0,0,0,0,0,0,0,0
Rhinanthus,1,0,0,0,0,0,0,0,0,0,0,0,0,0,0,0,0,0
Rhipogonum,1,0,0,0,0,0,0,0,0,0,0,0,0,0,0,0,0,0
Rhodocoma,0,0,0,0,0,0,0,0,0,0,0,0,0,0,0,0,0,0
Rhodohypoxis,0,0,1,0,0,0,0,0,0,0,0,0,0,0,0,0,0,0
Rhodotypos,1,0,0,0,0,0,0,0,0,0,0,0,0,0,0,0,0,0
Rhoeo,2,0,0,0,0,0,0,0,0,0,0,0,0,0,0,0,0,0
Rhoiacarpos,0,0,0,0,0,0,0,0,0,0,0,0,0,0,0,0,0,0
Rhynchosia,6,0,0,0,0,0,0,0,0,0,0,0,0,0,0,0,0,0
Rhynchostele,0,0,0,0,0,0,0,0,0,0,0,0,0,0,0,0,0,0
Rhynchostylis,0,0,0,0,0,0,0,0,0,0,0,0,0,0,0,0,0,0
Ribes,5,0,0,0,0,0,0,0,0,0,0,0,0,0,0,0,0,0
Ricinus,0,0,0,0,0,0,0,0,0,0,0,0,0,0,0,0,0,0
Robinia,1,0,0,0,0,0,0,0,0,0,0,0,0,0,0,0,0,0
Roggeveldia,1,0,0,0,0,0,0,0,0,0,0,0,0,0,0,0,0,0
Rohdea,0,0,0,0,0,0,0,0,0,0,0,0,0,0,0,0,0,0
Rollinia,0,0,0,0,0,0,0,0,0,0,0,0,0,0,0,0,0,0
Romulea,0,0,0,0,0,0,0,0,0,0,0,0,0,0,0,0,0,0
Roridula,1,0,0,0,0,0,0,0,0,0,0,0,0,0,0,0,0,0
Rorippa,0,0,0,0,0,0,0,0,0,0,0,0,0,0,0,0,0,0
Rosa,18,1,10,1,2,0,0,0,0,0,0,0,0,0,0,0,0,0
Rossioglossum,0,0,0,0,0,0,0,0,0,0,0,0,0,0,0,0,0,0
Rostkovia,0,0,0,0,1,0,0,0,0,0,0,0,0,0,0,0,0,0
Roystonea,1,0,0,0,0,0,0,0,0,0,0,0,0,0,0,0,0,0
Rubia,0,0,1,0,0,0,0,0,0,0,0,0,0,0,0,0,0,0
Rubus,20,1,0,0,0,0,1,0,0,0,0,0,0,0,0,0,0,0
Rudbeckia,1,0,0,0,0,0,1,0,0,0,0,0,0,0,0,0,0,0
Rumex,5,0,3,0,3,0,0,0,0,0,0,0,0,0,0,0,0,0
Ruppia,0,0,1,0,0,0,0,0,0,0,0,0,0,0,0,0,0,0
Ruscus,0,0,0,0,0,0,0,0,0,0,0,0,0,0,0,0,0,0
Ruta,0,0,0,0,0,0,0,0,0,0,0,0,0,0,0,0,0,0
Rytidosperma,8,0,6,0,0,0,0,0,0,0,0,0,0,0,0,0,0,0
Sabal,1,0,0,0,0,0,0,0,0,0,0,0,0,0,0,0,0,0
Saccharum,0,0,0,0,1,0,1,0,0,0,0,0,0,0,0,0,0,0
Sagittaria,1,0,0,0,0,0,0,0,0,0,0,0,0,0,0,0,0,0
Saintpaulia,0,0,0,0,0,0,0,0,0,0,0,0,0,0,0,0,0,0
Salacca,2,0,0,0,0,0,0,0,0,0,0,0,0,0,0,0,0,0
Salicornia,1,0,0,0,0,0,0,0,0,0,0,0,0,0,0,0,0,0
Salix,6,0,4,0,0,0,0,0,0,0,0,0,0,0,0,0,0,0
Salsola,1,0,0,0,0,0,0,0,0,0,0,0,0,0,0,0,0,0
Salvadora,0,0,0,0,0,0,0,0,0,0,0,0,0,0,0,0,0,0
Salvia,6,0,1,0,0,0,0,0,0,0,0,0,0,0,0,0,0,0
Sambucus,2,0,0,0,0,0,0,0,0,0,0,0,0,0,0,0,0,0
Sanguisorba,0,0,1,0,0,0,0,0,0,0,0,0,0,0,0,0,0,0
Sansevieria,0,0,0,0,0,0,0,0,0,0,0,0,0,0,0,0,0,0
Santalum,0,0,0,0,0,0,0,0,0,0,0,0,0,0,0,0,0,0
Sapindus,2,0,0,0,0,0,0,0,0,0,0,0,0,0,0,0,0,0
Saponaria,0,0,0,0,0,0,0,0,0,0,0,0,0,0,0,0,0,0
Saraca,1,0,0,0,0,0,0,0,0,0,0,0,0,0,0,0,0,0
Sarcandra,0,0,0,0,0,0,0,0,0,0,0,0,0,0,0,0,0,0
Sarcocornia,0,0,0,0,1,0,0,0,0,0,0,0,0,0,0,0,0,0
Sarracenia,0,0,0,0,0,0,0,0,0,0,0,0,0,0,0,0,0,0
Saruma,0,0,0,0,0,0,0,0,0,0,0,0,0,0,0,0,0,0
Sasa,0,0,0,0,0,0,0,0,0,0,0,0,0,0,0,0,0,0
Satureja,0,0,0,0,1,0,0,0,0,0,0,0,0,0,0,0,0,0
Saururus,1,0,0,0,0,0,0,0,0,0,0,0,0,0,0,0,0,0
Saxifraga,1,0,0,0,0,0,0,0,0,0,0,0,0,0,0,0,0,0
Scabiosa,9,0,0,0,0,0,0,0,0,0,0,0,0,0,0,0,0,0
Scadoxus,0,0,0,0,0,0,0,0,0,0,0,0,0,0,0,0,0,0
Schiedea,0,0,0,0,0,0,0,0,0,0,0,0,0,0,0,0,0,0
Schisandra,0,0,0,0,0,0,0,0,0,0,0,0,0,0,0,0,0,0
Schizogyne,2,0,0,0,0,0,0,0,0,0,0,0,0,0,0,0,0,0
Schleichera,0,0,0,0,0,0,0,0,0,0,0,0,0,0,0,0,0,0
Schmardaea,1,0,0,0,0,0,0,0,0,0,0,0,0,0,0,0,0,0
Schoenorchis,0,0,0,0,0,0,0,0,0,0,0,0,0,0,0,0,0,0
Schomburgkia,0,0,0,0,0,0,0,0,0,0,0,0,0,0,0,0,0,0
Schouwia,1,0,0,0,0,0,0,0,0,0,0,0,0,0,0,0,0,0
Scilla,41,0,6,0,2,0,0,0,0,0,0,0,0,0,0,0,0,0
Scindapsus,0,0,0,0,0,0,0,0,0,0,0,0,0,0,0,0,0,0
Scirpus,0,0,0,0,0,0,0,0,0,0,0,0,0,0,0,0,0,0
Sclerochloa,1,0,0,0,0,0,0,0,0,0,0,0,0,0,0,0,0,0
Sclerolaena,0,0,0,0,0,0,0,0,0,0,0,0,0,0,0,0,0,0
Scoliopus,1,0,0,0,0,0,0,0,0,0,0,0,0,0,0,0,0,0
Scorpiurus,1,0,0,0,0,0,0,0,0,0,0,0,0,0,0,0,0,0
Scorzonera,0,0,0,0,0,0,0,0,0,0,0,0,0,0,0,0,0,0
Scrophularia,0,0,0,0,0,0,2,0,0,0,0,0,0,0,0,0,0,0
Scutellaria,0,0,1,0,0,0,0,0,0,0,0,0,0,0,0,0,0,0
Secale,5,0,0,0,0,0,0,0,0,0,0,0,0,0,0,0,0,0
Sedum,8,0,2,0,0,0,0,0,0,0,0,0,0,0,0,0,0,0
Selinum,2,0,0,0,0,0,0,0,0,0,0,0,0,0,0,0,0,0
Semele,4,0,0,0,0,0,0,0,0,0,0,0,0,0,0,0,0,0
Semiarundinaria,0,0,0,0,0,0,0,0,0,0,0,0,0,0,0,0,0,0
Senecio,10,0,17,0,13,0,1,0,2,0,0,0,0,0,0,0,0,0
Senna,0,0,0,0,0,0,0,0,0,0,0,0,0,0,0,0,0,0
Serissa,1,0,0,0,0,0,0,0,0,0,0,0,0,0,0,0,0,0
Sesamum,5,0,2,0,0,0,3,0,0,0,0,0,0,0,0,0,0,0
Sesbania,1,0,0,0,0,0,0,0,0,0,0,0,0,0,0,0,0,0
Seseli,1,0,0,0,0,0,0,0,0,0,0,0,0,0,0,0,0,0
Sesleria,1,0,3,0,0,0,2,0,0,0,0,0,0,0,0,0,0,0
Sessilistigma,1,0,0,0,0,0,0,0,0,0,0,0,0,0,0,0,0,0
Setaria,4,0,9,0,2,0,0,0,0,0,0,0,0,0,0,0,0,0
Severinia,1,0,0,0,0,0,0,0,0,0,0,0,0,0,0,0,0,0
Shorea,0,0,0,0,0,0,0,0,0,0,0,0,0,0,0,0,0,0
Sida,0,0,0,0,0,0,0,0,0,0,0,0,0,0,0,0,0,0
Sideritis,0,0,7,0,0,0,0,0,0,0,0,0,0,0,0,0,0,0
Siebera,1,0,0,0,0,0,0,0,0,0,0,0,0,0,0,0,0,0
Silene,14,0,0,0,0,0,0,0,0,0,0,0,0,0,0,0,0,0
Simarouba,0,0,0,0,0,0,0,0,0,0,0,0,0,0,0,0,0,0
Simethis,0,0,0,0,0,0,0,0,0,0,0,0,0,0,0,0,0,0
Simmondsia,0,0,0,0,0,0,0,0,0,0,0,0,0,0,0,0,0,0
Simplicia,0,0,2,0,0,0,0,0,0,0,0,0,0,0,0,0,0,0
Sinapidendron,2,0,0,0,0,0,0,0,0,0,0,0,0,0,0,0,0,0
Sinapis,1,1,0,0,0,0,0,0,0,0,0,0,0,0,0,0,0,0
Sinningia,10,0,0,0,0,0,0,0,0,0,0,0,0,0,0,0,0,0
Sipanea,1,0,0,0,0,0,0,0,0,0,0,0,0,0,0,0,0,0
Sisymbrella,0,0,0,0,0,0,0,0,0,0,0,0,0,0,0,0,0,0
Sisymbrium,4,0,2,0,0,0,0,0,0,0,0,0,0,0,0,0,0,0
Sisyndite,1,0,0,0,0,0,0,0,0,0,0,0,0,0,0,0,0,0
Sisyrinchium,7,0,10,0,2,0,4,0,0,0,7,0,0,0,0,0,0,0
Sixalix,1,0,0,0,0,0,0,0,0,0,0,0,0,0,0,0,0,0
Skimmia,1,0,0,0,0,0,0,0,0,0,0,0,0,0,0,0,0,0
Smilacina,0,0,0,0,0,0,0,0,0,0,0,0,0,0,0,0,0,0
Smilax,0,0,0,0,0,0,0,0,0,0,0,0,0,0,0,0,0,0
Smitinandia,0,0,0,0,0,0,0,0,0,0,0,0,0,0,0,0,0,0
Smyrnium,1,0,0,0,0,0,0,0,0,0,0,0,0,0,0,0,0,0
Socratea,1,0,0,0,0,0,0,0,0,0,0,0,0,0,0,0,0,0
Sogerianthe,1,0,0,0,0,0,0,0,0,0,0,0,0,0,0,0,0,0
Solanum,31,0,5,0,2,0,0,0,0,0,0,0,0,0,0,0,0,0
Soldanella,0,0,0,0,0,0,0,0,0,0,0,0,0,0,0,0,0,0
Solidago,2,0,1,0,0,0,0,0,0,0,0,0,0,0,0,0,0,0
Sommieria,1,0,0,0,0,0,0,0,0,0,0,0,0,0,0,0,0,0
Sonchus,9,0,1,0,0,0,0,0,0,0,0,0,0,0,0,0,0,0
Sophora,1,0,0,0,0,0,0,0,0,0,0,0,0,0,0,0,0,0
Sorbus,5,1,1,0,0,0,0,0,0,0,0,0,0,0,0,0,0,0
Sorghum,2,0,8,0,0,0,0,0,0,0,0,0,0,0,0,0,0,0
Sowerbaea,2,0,2,0,0,0,0,0,0,0,0,0,0,0,0,0,0,0
Sparganium,1,0,0,0,0,0,0,0,0,0,0,0,0,0,0,0,0,0
Spartina,0,0,0,0,0,0,0,0,0,0,0,0,0,0,0,0,0,0
Spartocytisus,0,0,2,0,0,0,0,0,0,0,0,0,0,0,0,0,0,0
Spathicarpa,0,0,0,0,0,0,0,0,0,0,0,0,0,0,0,0,0,0
Spathiphyllum,0,0,0,0,0,0,0,0,0,0,0,0,0,0,0,0,0,0
Spathodea,1,0,0,0,0,0,0,0,0,0,0,0,0,0,0,0,0,0
Spergula,0,0,0,0,0,0,0,0,0,0,0,0,0,0,0,0,0,0
Spinacia,1,0,0,0,0,0,0,0,0,0,0,0,0,0,0,0,0,0
Spinifex,1,0,0,0,0,0,0,0,0,0,0,0,0,0,0,0,0,0
Spiraea,2,0,1,0,0,0,0,0,0,0,0,0,0,0,0,0,0,0
Spirodela,1,0,1,0,0,0,0,0,0,0,0,0,0,0,0,0,0,0
Sprekelia,0,0,0,0,0,0,0,0,0,0,0,0,0,0,0,0,0,0
Stachys,1,0,1,0,0,0,0,0,0,0,0,0,0,0,0,0,0,0
Stachyurus,0,0,0,0,0,0,0,0,0,0,0,0,0,0,0,0,0,0
Staehelina,3,0,0,0,0,0,0,0,0,0,0,0,0,0,0,0,0,0
Stahlianthus,1,0,0,0,0,0,0,0,0,0,0,0,0,0,0,0,0,0
Stapelia,0,0,0,0,0,0,0,0,0,0,0,0,0,0,0,0,0,0
Staphylea,0,0,0,0,0,0,0,0,0,0,0,0,0,0,0,0,0,0
Stauntonia,0,0,0,0,0,0,0,0,0,0,0,0,0,0,0,0,0,0
Stellaria,1,0,0,0,0,1,0,0,0,0,0,0,0,0,0,0,0,0
Stemmacantha,0,0,0,0,0,0,0,0,0,0,0,0,0,0,0,0,0,0
Stemona,0,0,0,0,0,0,0,0,0,0,0,0,0,0,0,0,0,0
Stenocereus,0,0,0,0,0,0,0,0,0,0,0,0,0,0,0,0,0,0
Stenostachys,0,0,3,0,0,0,0,0,0,0,0,0,0,0,0,0,0,0
Stenotaphrum,1,0,0,0,0,0,0,0,0,0,0,0,0,0,0,0,0,0
Stephanandra,0,0,0,0,0,0,0,0,0,0,0,0,0,0,0,0,0,0
Stephanomeria,0,0,0,0,0,0,0,0,0,0,0,0,0,0,0,0,0,0
Sterculia,0,0,0,0,0,0,0,0,0,0,0,0,0,0,0,0,0,0
Sternbergia,1,0,0,0,0,0,0,0,0,0,0,0,0,0,0,0,0,0
Stratiotes,0,0,0,0,0,0,0,0,0,0,0,0,0,0,0,0,0,0
Strelitzia,1,0,0,0,0,0,0,0,0,0,0,0,0,0,0,0,0,0
Streptanthus,1,0,0,0,0,0,0,0,0,0,0,0,0,0,0,0,0,0
Streptocarpus,0,0,0,0,0,0,0,0,0,0,0,0,0,0,0,0,0,0
Streptopus,0,0,0,0,0,0,0,0,0,0,0,0,0,0,0,0,0,0
Stromanthe,0,0,1,0,0,0,0,0,0,0,0,0,0,0,0,0,0,0
Strychnos,0,0,0,0,0,0,0,0,0,0,0,0,0,0,0,0,0,0
Stylidium,1,0,0,0,0,0,0,0,0,0,0,0,0,0,0,0,0,0
Stylobasium,1,0,0,0,0,0,0,0,0,0,0,0,0,0,0,0,0,0
Suaeda,0,0,1,0,0,0,0,0,0,0,0,0,0,0,0,0,0,0
Succisa,1,0,0,0,0,0,0,0,0,0,0,0,0,0,0,0,0,0
Succisella,2,0,0,0,0,0,0,0,0,0,0,0,0,0,0,0,0,0
Syagrus,2,0,0,0,0,0,0,0,0,0,0,0,0,0,0,0,0,0
Symphytum,0,0,0,0,0,0,1,0,0,0,0,0,0,0,0,0,0,0
Syngonium,0,0,0,0,0,0,0,0,0,0,0,0,0,0,0,0,0,0
Synnema,0,0,0,0,0,0,0,0,0,0,0,0,0,0,0,0,0,0
Syrenia,0,0,0,0,0,0,0,0,0,0,0,0,0,0,0,0,0,0
Syringa,0,0,0,0,0,0,0,0,0,0,0,0,0,0,0,0,0,0
Syzygium,1,0,0,0,0,0,0,0,0,0,0,0,0,0,0,0,0,0
Tabebuia,0,0,0,0,0,0,0,0,0,0,0,0,0,0,0,0,0,0
Tacca,0,0,0,0,0,0,0,0,0,0,0,0,0,0,0,0,0,0
Taeniatherum,1,0,0,0,0,0,0,0,0,0,0,0,0,0,0,0,0,0
Tagetes,0,0,1,0,0,0,0,0,0,0,0,0,0,0,0,0,0,0
Tamarindus,0,0,0,0,0,0,0,0,0,0,0,0,0,0,0,0,0,0
Tamarix,0,0,0,0,0,0,0,0,0,0,0,0,0,0,0,0,0,0
Tamus,0,0,0,0,0,0,0,0,0,0,0,0,0,0,0,0,0,0
Tanacetopsis,1,0,0,0,0,0,0,0,0,0,0,0,0,0,0,0,0,0
Tanacetum,1,0,0,0,0,0,0,0,0,0,0,0,0,0,0,0,0,0
Taraxacum,5,3,5,0,0,0,0,0,0,0,0,0,0,0,0,0,0,0
Tauscheria,1,0,0,0,0,0,0,0,0,0,0,0,0,0,0,0,0,0
Tecoma,0,0,0,0,0,0,0,0,0,0,0,0,0,0,0,0,0,0
Tecophilaea,0,0,0,0,0,0,0,0,0,0,0,0,0,0,0,0,0,0
Tectona,0,0,0,0,0,0,0,0,0,0,0,0,0,0,0,0,0,0
Teesdalia,0,0,0,0,0,0,0,0,0,0,0,0,0,0,0,0,0,0
Telekia,1,0,0,0,0,0,0,0,0,0,0,0,0,0,0,0,0,0
Teline,0,0,4,0,0,0,0,0,0,0,0,0,0,0,0,0,0,0
Tephrosia,19,0,1,0,0,0,0,0,0,0,0,0,0,0,0,0,0,0
Terminalia,3,1,2,0,0,0,0,0,0,0,0,0,0,0,0,0,0,0
Tetracme,0,0,0,0,0,0,0,0,0,0,0,0,0,0,0,0,0,0
Teucrium,1,0,0,0,0,0,0,0,0,0,0,0,0,0,0,0,0,0
Thalictrum,0,0,0,0,0,0,0,0,0,0,0,0,0,0,0,0,0,0
Thellungiella,1,0,0,0,0,0,0,0,0,0,0,0,0,0,0,0,0,0
Theobroma,1,0,0,0,0,0,0,0,0,0,0,0,0,0,0,0,0,0
Thespesia,3,0,0,0,0,0,0,0,0,0,0,0,0,0,0,0,0,0
Thinopyrum,1,0,2,0,1,0,0,0,1,0,0,0,0,0,0,0,0,0
Thlaspi,9,0,0,0,0,0,0,0,0,0,0,0,0,0,0,0,0,0
Thryallis,0,0,0,0,0,0,0,0,0,0,0,0,0,0,0,0,0,0
Thryptomene,0,0,0,0,0,0,0,0,0,0,0,0,0,0,0,0,0,0
Thymelaea,0,0,0,0,0,0,0,0,0,0,0,0,0,0,0,0,0,0
Thymus,3,0,0,0,0,0,0,0,0,0,0,0,0,0,0,0,0,0
Thyridolepis,0,0,0,0,0,0,0,0,0,0,0,0,0,0,0,0,0,0
Thyrsanthemum,0,0,1,0,0,0,0,0,0,0,0,0,0,0,0,0,0,0
Tigridia,0,0,2,0,0,0,0,0,0,0,0,0,0,0,0,0,0,0
Tillandsia,0,0,0,0,0,0,0,0,0,0,0,0,0,0,0,0,0,0
Tinguarra,2,0,0,0,0,0,0,0,0,0,0,0,0,0,0,0,0,0
Todaroa,1,0,0,0,0,0,0,0,0,0,0,0,0,0,0,0,0,0
Tofieldia,0,0,0,0,0,0,0,0,0,0,0,0,0,0,0,0,0,0
Tolpis,4,0,0,0,0,0,0,0,0,0,0,0,0,0,0,0,0,0
Torenia,2,0,0,0,0,0,0,0,0,0,0,0,0,0,0,0,0,0
Torilis,4,0,0,0,0,0,0,0,0,0,0,0,0,0,0,0,0,0
Trachycarpus,1,0,0,0,0,0,0,0,0,0,0,0,0,0,0,0,0,0
Tradescantia,13,0,15,0,2,0,0,0,1,0,1,0,0,0,1,0,0,0
Tragopogon,3,0,2,0,0,0,0,0,0,0,0,0,0,0,0,0,0,0
Traunsteinera,0,0,0,0,0,0,0,0,0,0,0,0,0,0,0,0,0,0
Trewia,1,0,0,0,0,0,0,0,0,0,0,0,0,0,0,0,0,0
Trichocentrum,2,0,0,0,0,0,0,0,0,0,0,0,0,0,0,0,0,0
Trichocereus,0,0,0,0,0,0,0,0,0,0,0,0,0,0,0,0,0,0
Trichoceros,0,0,0,0,0,0,0,0,0,0,0,0,0,0,0,0,0,0
Trichopilia,1,0,0,0,0,0,0,0,0,0,0,0,0,0,0,0,0,0
Trichosanthes,1,0,0,0,0,0,0,0,0,0,0,0,0,0,0,0,0,0
Tricyrtis,0,0,0,0,0,0,0,0,0,0,0,0,0,0,0,0,0,0
Trientalis,0,0,0,0,0,0,0,0,0,0,0,0,0,0,0,0,0,0
Trifolium,28,0,4,0,2,0,0,0,1,0,0,0,0,0,0,0,0,0
Triglochin,0,0,0,0,0,0,0,0,0,0,0,0,0,0,0,0,0,0
Trigonella,1,0,0,0,0,0,0,0,0,0,0,0,0,0,0,0,0,0
Trillium,2,0,0,0,2,0,0,0,0,0,0,0,0,0,0,0,0,0
Triphasia,1,0,0,0,0,0,0,0,0,0,0,0,0,0,0,0,0,0
Tripleurospermum,3,0,4,0,0,0,0,0,0,0,0,0,0,0,0,0,0,0
Tripogandra,0,0,0,0,0,0,0,0,0,0,0,0,0,0,0,0,0,0
Tripsacum,1,0,0,0,0,0,0,0,0,0,0,0,0,0,0,0,0,0
Trisetum,0,0,9,0,0,0,0,0,0,0,0,0,0,0,0,0,0,0
Triteleia,0,0,1,0,0,0,0,0,0,0,0,0,0,0,0,0,0,0
Triticale,0,0,0,0,1,0,0,0,0,0,0,0,0,0,0,0,0,0
Triticum,3,0,6,0,2,0,0,0,0,0,0,0,0,0,0,0,0,0
Tritonia,1,0,0,0,0,0,0,0,0,0,0,0,0,0,0,0,0,0
Trochodendron,1,0,0,0,0,0,0,0,0,0,0,0,0,0,0,0,0,0
Trollius,0,0,0,0,0,0,0,0,0,0,0,0,0,0,0,0,0,0
Tropaeolum,0,0,1,0,0,0,0,0,0,0,0,0,0,0,0,0,0,0
Tuberaria,0,0,0,0,0,0,0,0,0,0,0,0,0,0,0,0,0,0
Tulbaghia,1,0,0,0,0,0,0,0,0,0,0,0,0,0,0,0,0,0
Tulipa,86,5,3,0,0,0,0,0,0,0,0,0,0,0,0,0,0,0
Tupeia,1,0,0,0,0,0,0,0,0,0,0,0,0,0,0,0,0,0
Turgenia,1,0,0,0,0,0,0,0,0,0,0,0,0,0,0,0,0,0
Turnera,3,0,1,0,5,0,3,0,0,0,0,0,0,0,0,0,0,0
Turritis,1,0,0,0,0,0,0,0,0,0,0,0,0,0,0,0,0,0
Tussilago,1,0,0,0,0,0,0,0,0,0,0,0,0,0,0,0,0,0
Typha,1,0,0,0,0,0,0,0,0,0,0,0,0,0,0,0,0,0
Typhonium,0,0,0,0,0,0,0,0,0,0,0,0,0,0,0,0,0,0
Ulex,0,0,0,0,1,0,0,0,0,0,0,0,0,0,0,0,0,0
Ulmus,1,0,0,0,0,0,0,0,0,0,0,0,0,0,0,0,0,0
Uncinia,0,0,0,0,0,0,1,0,0,0,0,0,0,0,0,0,0,0
Urginea,0,0,0,0,0,0,0,0,0,0,0,0,0,0,0,0,0,0
Urtica,0,0,1,0,0,0,0,0,0,0,0,0,0,0,0,0,0,0
Utricularia,0,0,0,0,0,0,0,0,0,0,0,0,0,0,0,0,0,0
Uvularia,2,0,0,0,0,0,0,0,0,0,0,0,0,0,0,0,0,0
Vaccinium,7,0,0,0,0,0,0,0,0,0,0,0,0,0,0,0,0,0
Vahlodea,1,0,0,0,0,0,0,0,0,0,0,0,0,0,0,0,0,0
Valeriana,5,0,1,0,0,0,0,0,0,0,0,0,0,0,0,0,0,0
Valerianella,10,0,0,0,0,0,0,0,0,0,0,0,0,0,0,0,0,0
Vanda,1,0,0,0,0,0,0,0,0,0,0,0,0,0,0,0,0,0
Vangueria,0,0,1,0,0,0,0,0,0,0,0,0,0,0,0,0,0,0
Vangueriopsis,0,0,1,0,0,0,0,0,0,0,0,0,0,0,0,0,0,0
Vanilla,1,0,0,0,0,0,0,0,0,0,0,0,0,0,0,0,0,0
Vella,0,0,1,0,0,0,0,0,0,0,0,0,0,0,0,0,0,0
Veltheimia,0,0,0,0,0,0,0,0,0,0,0,0,0,0,0,0,0,0
Veratrum,0,0,0,0,0,0,0,0,0,0,0,0,0,0,0,0,0,0
Verbascum,1,0,0,0,0,0,0,0,0,0,0,0,0,0,0,0,0,0
Verbena,0,0,0,0,0,0,0,0,0,0,0,0,0,0,0,0,0,0
Veronica,22,0,11,0,5,0,1,0,0,0,0,0,0,0,0,0,0,0
Veronicastrum,0,0,1,0,0,0,0,0,0,0,0,0,0,0,0,0,0,0
Vetiveria,1,0,0,0,0,0,0,0,0,0,0,0,0,0,0,0,0,0
Viburnum,2,0,0,0,0,0,0,0,0,0,0,0,0,0,0,0,0,0
Vicia,81,0,2,0,0,0,0,0,0,0,0,0,0,0,0,0,0,0
Victoria,0,0,0,0,0,0,0,0,0,0,0,0,0,0,0,0,0,0
Vieraea,1,0,0,0,0,0,0,0,0,0,0,0,0,0,0,0,0,0
Vigna,20,0,1,0,0,0,0,0,0,0,0,0,0,0,0,0,0,0
Vinca,0,0,0,0,0,0,0,0,0,0,0,0,0,0,0,0,0,0
Vincetoxicum,1,0,0,0,0,0,0,0,0,0,0,0,0,0,0,0,0,0
Viola,1,0,2,0,0,0,0,0,0,0,0,0,0,0,0,0,0,0
Virga,1,0,0,0,0,0,0,0,0,0,0,0,0,0,0,0,0,0
Viscum,3,0,0,0,0,0,0,0,0,0,0,0,0,0,0,0,0,0
Vitex,0,0,0,0,0,0,0,0,0,0,0,0,0,0,0,0,0,0
Vitis,19,0,0,0,0,0,0,0,0,0,0,0,0,0,0,0,0,0
Voacanga,0,0,0,0,0,0,0,0,0,0,0,0,0,0,0,0,0,0
Voanioala,0,0,0,0,0,0,0,0,0,0,0,0,0,0,0,0,0,0
Volutaria,0,0,1,0,0,0,0,0,0,0,0,0,0,0,0,0,0,0
Vulpia,2,0,1,0,1,0,0,0,0,0,0,0,0,0,0,0,0,0
Wahlenbergia,1,0,0,0,0,0,0,0,0,0,0,0,0,0,0,0,0,0
Washingtonia,1,0,0,0,0,0,0,0,0,0,0,0,0,0,0,0,0,0
Watsonia,1,0,0,0,0,0,0,0,0,0,0,0,0,0,0,0,0,0
Weberbauerocereus,0,0,0,0,0,0,1,0,0,0,0,0,0,0,0,0,0,0
Weldenia,0,0,0,0,0,0,0,0,0,0,0,0,0,0,0,0,0,0
Wendlandiella,1,0,0,0,0,0,0,0,0,0,0,0,0,0,0,0,0,0
Withania,0,0,1,0,0,0,0,0,0,0,0,0,0,0,0,0,0,0
Wolffia,1,0,0,0,0,0,0,0,0,0,0,0,0,0,0,0,0,0
Wolffiella,1,0,0,0,0,0,0,0,0,0,0,0,0,0,0,0,0,0
Woodfordia,1,0,0,0,0,0,0,0,0,0,0,0,0,0,0,0,0,0
Wrightia,0,0,0,0,0,0,0,0,0,0,0,0,0,0,0,0,0,0
Wulfenia,1,0,0,0,0,0,0,0,0,0,0,0,0,0,0,0,0,0
Xanthium,0,0,1,0,0,0,0,0,0,0,0,0,0,0,0,0,0,0
Xanthorrhoea,1,0,0,0,0,0,0,0,0,0,0,0,0,0,0,0,0,0
Xanthosoma,1,0,0,0,0,0,0,0,0,0,0,0,0,0,0,0,0,0
Xeranthemum,4,0,0,0,0,0,0,0,0,0,0,0,0,0,0,0,0,0
Xeronema,0,0,0,0,0,0,0,0,0,0,0,0,0,0,0,0,0,0
Xerophyta,0,0,0,0,0,0,0,0,0,0,0,0,0,0,0,0,0,0
Ximenia,1,0,0,0,0,0,0,0,0,0,0,0,0,0,0,0,0,0
Xiphidium,1,0,0,0,0,0,0,0,0,0,0,0,0,0,0,0,0,0
Xolantha,1,0,0,0,1,0,0,0,0,0,0,0,0,0,0,0,0,0
Xylopia,0,0,0,0,0,0,0,0,0,0,0,0,0,0,0,0,0,0
Xyris,1,0,0,0,0,0,0,0,0,0,0,0,0,0,0,0,0,0
Youngia,1,0,1,0,0,0,0,0,0,0,0,0,0,0,0,0,0,0
Yucca,0,0,0,0,0,0,0,0,0,0,0,0,0,0,0,0,0,0
Zamioculcas,0,0,0,0,0,0,0,0,0,0,0,0,0,0,0,0,0,0
Zantedeschia,0,0,0,0,0,0,0,0,0,0,0,0,0,0,0,0,0,0
Zanthoxylum,0,0,0,0,0,0,0,0,0,0,0,0,0,0,0,0,0,0
Zea,3,0,1,0,0,0,0,0,0,0,0,0,0,0,0,0,0,0
Zebrina,0,0,0,0,0,0,0,0,0,0,0,0,0,0,0,0,0,0
Zephyranthes,0,0,0,0,0,0,0,0,0,0,0,0,0,0,0,0,0,0
Zingeria,1,0,1,0,0,0,0,0,0,0,0,0,0,0,0,0,0,0
Zingiber,1,0,0,0,0,0,0,0,0,0,0,0,0,0,0,0,0,0
Zizania,1,0,0,0,0,0,0,0,0,0,0,0,0,0,0,0,0,0
Ziziphus,0,0,0,0,0,0,0,0,0,0,0,0,0,0,0,0,0,0
Zostera,2,0,0,0,0,0,0,0,0,0,0,0,0,0,0,0,0,0
Zotovia,0,0,2,0,0,0,0,0,0,0,0,0,0,0,0,0,0,0
Zoysia,0,0,3,0,0,0,0,0,0,0,0,0,0,0,0,0,0,0
,3933,,,,,,,,,,,,,,,,,